Weight (WT),,,,,,,,,,
LD Code,Concept,Subconcept,Sub Sub Concept,Class Category,Error Category,Teacher / Parent Description,Example,Comments,Source,
WT001,Weight,Introduction to weights,Concept of weight,Concept of weight,Concept of Heavy and light,Learner does not know the concept of heavy and light with respect to weight.,,,,
WT002,Weight,Introduction to weights,Concept of weight,Concept of weight,Estimation of weight,Learner is unable to estimate the weight of the object.,,,,
WT003,Weight,Introduction to weights,Concept of weight,Concept of weight,Informal measure,Learner doesnot know how to use informal measure of units to measure.,,,,
WT004,Weight,Introduction to weights,Measuring devices,Concept of weight,Comparing weight,Learner does not know how to balance weights.,,,,
WT005,Weight,Introduction to weights,Measuring devices,Concept of weight,Standard weights,Learner is not able to identify the standard weights.,,,,
WT006,Weight,Introduction to weights,Measuring devices,Concept of weight,SI unit of weight,Learner does not know the SI unit of weight.,,,,
WT007,Weight,Introduction to weights,Measuring devices,Concept of weight,Interpret weight,Learner does not know how to interpret weight in different weighing machine.,,,,
WT008,Weight,Units of weights,Common units of weights,Unit Conversion,Gram → Kilogram,Learner does not know how to convert gram to kilogram.,,,,
WT009,Weight,Units of weights,Common units of weights,Unit Conversion,Kilogram → Gram,Learner does not know how to convert kilogram to gram.,,,,
WT010,Weight,Units of weights,Common units of weights,Unit Conversion,Gram → Milligram,Learner does not know how to convert gram to milligram.,,,,
WT011,Weight,Units of weights,Common units of weights,Unit Conversion,Quintal → Ton,Learner does not know how to convert quintal to ton.,,,,
WT012,Weight,Units of weights,Common units of weights,Unit Conversion,Ton → Quintal,Learner does not know how to convert ton to quintal.,,,,
WT013,Weight,Units of weights,Common units of weights,Unit Conversion,Kilogram → Ton,Learner does not know how to convert kilogram to ton.,,,,
WT014,Weight,Units of weights,Common units of weights,Unit Conversion,Ton → Kilogram,Learner does not know how to convert ton to kilogram.,,,,
WT015,Weight,Units of weights,Common units of weights,Unit Conversion,Kilogram → Quintal,Learner does not know how to convert kilogram to quintal.,,,,
WT016,Weight,Units of weights,Common units of weights,Unit Conversion,Quintal → Kilogram,Learner does not know how to convert quintal to kilogram.,,,,
WT017,Weight,Units of weights,Common units of weights,Unit Conversion,Miligram → Gram,Learner does not know how to convert milligram to gram.,,,,
WT018,Weight,Units of weights,Special units of weights,Unit Conversion,Hectogram → Gram,Learner does not know how to convert hectogram  to gram.,,,,
WT019,Weight,Units of weights,Special units of weights,Unit Conversion,Gram → Hectogram,Learner does not know how to convert gram  to hectogram.,,,,
WT020,Weight,Units of weights,Special units of weights,Unit Conversion,Gram → Decagram,Learner does not know how to convert gram  to decagram.,,,,
WT021,Weight,Units of weights,Special units of weights,Unit Conversion,Decagram → Gram,Learner does not know how to convert decagram  to gram.,,,,
WT022,Weight,Units of weights,Special units of weights,Unit Conversion,Decigram → Gram,Learner does not know how to convert decigram  to gram.,,,,
WT023,Weight,Units of weights,Special units of weights,Unit Conversion,Gram → Decigram,Learner does not know how to convert gram  to decigram.,,,,
WT024,Weight,Units of weights,Special units of weights,Unit Conversion,Gram → Centigram,Learner does not know how to convert gram  to centigram.,,,,
WT025,Weight,Units of weights,Special units of weights,Unit Conversion,Centigram → Gram,Learner does not know how to convert centigram  to gram.,,,,
WT026,Weight,Units of weights,Special units of weights,Unit Conversion,Ounce → Pounds,Learner does not know how to convert ounce to pounds.,,,,
WT027,Weight,Units of weights,Special units of weights,Unit Conversion,Pounds → Ounce,Learner does not know how to convert pounds  to ounce.,,,,
WT028,Weight,Addition of weights,Addition of weights with conversion,Addition of weight,Addion of weight with conversion,Learner does not know how to add weight involving conversion.,,,,
WT029,Weight,Subtraction of weights,Subtraction of weights with conversion,Subtraction of weight,Subtraction of weights with conversion,Learner does not know how to subtract different weights involving conversion.,,,,
WT030,Weight,Multiplication and Division of weights,Multiplication of weights,Multiplication of weight,Multiplicaion of weights with conversion,Learner does not know how to multiply weight involving conversion.,,,,
WT031,Weight,Multiplication and Division of weights,Division of weights,Division of weight,Division of weights with conversion,Learner does not know how to divide weight involving conversion.,,,,
WT034,Weight,Introduction to weights,Concept of weight,Application of weight,Real life applications,Learner is not able to comprehend real life problems of weight.,,,,
,,,,,,,,,,
,,,,,,,,,,
,,,,,,,,,,
,,,,,,,,,,
,,,,,,,,,,
,,,,,,,,,,
,,,,,,,,,,
,,,,,,,,,,
,,,,,,,,,,
,,,,,,,,,,