Weight (WT),,,,,
Subconcepts,Sub Sub Concept,Scope Items,Tentative Primary LDs,,
Introduction to weights,Concept of weight,"Heavier and lighter objects.
Sense of weight: Lift, pull, push to get the awarness of mass.
Informal measuring units.",1,,
Introduction to weights,Measuring devices,"Use of balance and the standard weights in daily life. 
Use of different weighing machines to measure weights.
Identify and use the exact SI unit of weight.
Appropriate units of weights E.g: Gold in grams and mg, while rice is in grams and KG etc.",1,,
Units of weights,Common units of weights,"Conversion of: Gram to kilogram and vice versa
Gram to milligram and vice versa
Quintal to ton and vice versa
Kilogram to quintal and vice versa
Kilogram to ton and vice versa
Relation between multiple units 
Estimation of different units",2,,
Units of weights,Special units of weights,"Hectogram to gram and vice versa
Decagram to gram and vice versa
Decigram to gram and vice versa
Centigram to gram and vice versa
Ounce and pounds
Relation between multiple units
Estimation of different units",2,,
Addition of weights,Addition of weights without conversion,Addition of weights without conversion using all the units,1,,
Addition of weights,Addition of weights with conversion,"Addition of weights with conversion using all the units. 
Relation between multiple units.",1,,
Subtraction of weights,Subtraction of weights without conversion,Subtraction of weights without conversion using all the units,1,,
Subtraction of weights,Subtraction of weights with conversion,"Subtraction of weights with conversion using all the units. 
Relation between multiple units.",1,,
Multiplication and Division of weights,Multiplication of weights,"Multiplication of weights with and without conversion using all the units. 
Relation between multiple units.",1,,
Multiplication and Division of weights,Division of weights,"Division of weights with and without conversion using all the units. 
Relation between multiple units.",1,,
,,,,,
,,,,,
,,,,,
,,,,,
,,,,,
,,,,,
,,,,,
,,,,,
,,,,,
,,,,,
,,,,,