Weight (WT),,,,,
SSC,Dependency,,,,
Concept of weight,,,,,
Measuring devices,Concept of weight,,,,
Common units of weights,Measuring devices,,,,
Special units of weights,Measuring devices,,,,
Special units of weights,Common units of weights,,,,
Addition of weights without conversion,Common units of weights,,,,
Addition of weights without conversion,Special units of weights,,,,
Addition of weights with conversion,Common units of weights,,,,
Addition of weights with conversion,Special units of weights,,,,
Addition of weights with conversion,Addition of weights without conversion,,,,
Subtraction of weights without conversion,Common units of weights,,,,
Subtraction of weights without conversion,Special units of weights,,,,
Subtraction of weights with conversion,Common units of weights,,,,
Subtraction of weights with conversion,Special units of weights,,,,
Subtraction of weights with conversion,Subtraction of weights without conversion,,,,
Multiplication of weights,Addition of weights with conversion,,,,
Multiplication of weights,Common units of weights,,,,
Multiplication of weights,Special units of weights,,,,
Division of weights,Subtraction of weights with conversion,,,,
Division of weights,Common units of weights,,,,
Division of weights,Special units of weights,,,,
,,,,,
,,,,,
,,,,,
,,,,,
,,,,,
,,,,,
,,,,,
,,,,,
,,,,,
,,,,,