Weight (WT),,,,,,,,
Subconcept,Dependency,,,,,,,
Introduction to weights,,,,,,,,
Units of weights,Introduction to weights,,,,,,,
Addition of weights,Introduction to weights,,,,,,,
Addition of weights,Units of weights,,,,,,,
Subtraction of weights,Introduction to weights,,,,,,,
Subtraction of weights,Units of weights,,,,,,,
Multiplication and Division of weights,Addition of weights,,,,,,,
Multiplication and Division of weights,Subtraction of weights,,,,,,,
Multiplication and Division of weights,Units of weights,,,,,,,
,,,,,,,,
,,,,,,,,
,,,,,,,,
,,,,,,,,
,,,,,,,,
,,,,,,,,
,,,,,,,,
,,,,,,,,
,,,,,,,,
,,,,,,,,