Length (MS),,,,,,,
LD Code,Concept,Subconcept,Sub Sub Concept,Class Category,Error Category,Teacher / Parent Description,Example
MS001,Length,Introduction to length,Informal measurement of length,Informal measure,Concept of handspan,Learner does not know the meaning of a handspan.,Which one represents handspan?
MS002,Length,Introduction to length,Informal measurement of length,Informal measure,Handspan measure,Learner does not know how to measure the length using a handspan.,How many handspan does the given bottle measure?
MS003,Length,Introduction to length,Informal measurement of length,Informal measure,Concept of cubit,Learner does not know the meaning of cubit.,Which one represents cubit?
MS004,Length,Introduction to length,Informal measurement of length,Informal measure,Cubit measure,Learner does not know how to measure length using cubit.,How many cubit does the given rope measure?
MS005,Length,Introduction to length,Informal measurement of length,Informal measure,Concept of fathom,Learner does not know the meaning of fathom.,Which one represents fathom?
MS006,Length,Introduction to length,Informal measurement of length,Informal measure,Fathom measure,Learner does not know how to measure length using fathom.,How many fathom does the given rope measure?
MS007,Length,Introduction to length,Informal measurement of length,Informal measure,Concept of footsteps,Learner does not know the meaning of footsteps.,Which one represents foot steps?
MS008,Length,Introduction to length,Informal measurement of length,Informal measure,Foot step measure,Learner does not know how to measure length using footsteps.,Find the length of your room using foot-steps.
MS009,Length,Introduction to length,Measuring devices,Informal measure,Measuring objects using an object,Learner does not know how to measure a longer object using a smaller object.,How many erasers' length does the pencil measure?
MS010,Length,Introduction to length,Informal measurement of length,Informal measure,Comparison of measurement,Learner does not know how to compare the length of different articles using informal measurements.,"Length of a pencil is 4 erasers, length of a pen is just more than a pencil. Which one is longer?
A. Eraser          B. Pencil              C. Pen"
MS020,Length,Introduction to length,Measuring devices,Measuring device,Identification of devices,Learner is unable to identify the devices used to measure length.,"What is the device used to measure the length of the rope? 
A. weighing machine
B. Measuring tape"
MS021,Length,Introduction to length,Formal measurement of length,Estimation,Estimate millimetre,Learner does not know how to estimate the length of the given object with respect to millimetre.,
MS022,Length,Introduction to length,Formal measurement of length,Estimation,Estimate metre,Learner does not know how to estimate the length of the given object with respect to metre.,
MS023,Length,Introduction to length,Formal measurement of length,Estimation,Estimate centimetre,Learner does not know how to estimate the length of the given object with respect to centimetre.,
MS024,Length,Introduction to length,Formal measurement of length,Estimation,Estimate hectametre,Learner does not know how to estimate the length of the given object with respect to hectametre.,
MS025,Length,Introduction to length,Formal measurement of length,Estimation,Estimate decimetre,Learner does not know how to estimate the length of the given object with respect to decimetre.,
MS026,Length,Introduction to length,Formal measurement of length,Estimation,Estimate decametre,Learner does not know how to estimate the length of the given object with respect to decametre.,
MS027,Length,Introduction to length,Formal measurement of length,Estimation,Estimate kilometre,Learner does not know how to estimate the length of the given object with respect to kilometre.,
,,,,,,,
MS029,Length,Units of length,Special units of length,Real life measure,Foot measure,Learner does not know to measure length in terms of foot.,
,,,,,,,
MS031,Length,Units of length,Special units of length,Real life measure,Inch measure,Learner does not know to measure the length in terms of inches,
,,,,,,,
MS033,Length,Units of length,Special units of length,Real life measure,Mile measure,Learner does not know to measure length in terms of miles,
MS034,Length,Units of length,Special units of length,Real life measure,Mile ↔ Nautical mile,Learner does not know how to compare nautical miles with miles.,
,,,,,,,
MS036,Length,Units of length,Special units of length,Real life measure,Nautical mile measure,Learner does know how to measure distance using nautical miles.,
,,,,,,,
MS038,Length,Units of length,Special units of length,Real life measure,Yard measure,Learner does not know how to measure length using yards.,
MS039,Length,Units of length,Special units of length,Real life measure,Foot ↔Inch,Learner does not know 1 ft = 12 inches,
MS040,Length,Units of length,Special units of length,Real life measure,Kilometre→mile,Learner does not know 1 km =  0.62137119223733 mile      (appr = 0.62).,
MS041,Length,Units of length,Special units of length,Real life measure,Mile→kilometre,Learner does not know 1 mile =  1.609344 km (appr = 1.6 km).,
MS042,Length,Units of length,Special units of length,Real life measure,Yard →foot,Learner does not know 1 yard = 3 feet.,
MS043,Length,Units of length,Special units of length,Real life measure,Yard→chain,Learner does not know 22 yard = 1 chain.,
MS044,Length,Units of length,Special units of length,Measuring device,Metre rod,Learner does not know what is a metre rod.,
MS045,Length,Units of length,Special units of length,Measuring device,Measuring tape,Learner does not know what is a measuring tape.,
MS046,Length,Units of length,Special units of length,Real life measure,Concept of chain,Learner does not know the concept of chain.,
MS047,Length,Units of length,Special units of length,Real life measure,Chain measure,Learner does not know how to measure an object using a chain.,
MS060,Length,Units of length,Common units of length,Unit Conversion,Millimetre→metre,Learner does not know how to convert millimetre to metre.,A thread of length 0.5 metre is cut into 50 parts for some art decoration. What will be the measure of smallest piece? Express your answer in millimetre.
MS061,Length,Units of length,Common units of length,Unit Conversion,Metre→Millimetre,Learner does not know how to convert  metre to millimetre.,
MS062,Length,Units of length,Common units of length,Unit Conversion,Metre→Centimetre,Learner does not know how to convert  metre to centimetre.,
MS063,Length,Units of length,Common units of length,Unit Conversion,Centimetre→Metre,Learner does not know how to convert  centimetre to metre.,
MS064,Length,Units of length,Common units of length,Unit Conversion,Metre→Kilometre,Learner does not know how to convert  metre to kilometre.,
MS065,Length,Units of length,Common units of length,Unit Conversion,Kilometre→Metre,Learner does not know how to convert kilometre to metre.,
MS066,Length,Units of length,Common units of length,Unit Conversion,Centimetre→Millimetre,Learner does not know how to convert centimetre to millimetre.,
MS067,Length,Units of length,Common units of length,Unit Conversion,Millimetre→Centimetre,Learner does not know how to convert millimetre to centimetre.,Appropriate usage of units
MS068,Length,Units of length,Common units of length,Unit Conversion,Centimetre→Kilometre,Learner does not know how to convert centimetre to kilometre .,
MS069,Length,Units of length,Common units of length,Unit Conversion,Kilometre→Centimetre,Learner does not know how to convert kilometre to centimetre.,
MS070,Length,Units of length,Common units of length,Unit Conversion,Millimetre→Kilometre,Learner does not know how to convert millimetre to kilometre .,
MS071,Length,Units of length,Common units of length,Unit Conversion,Kilometre→Millimetre,Learner does not know how to convert kilometre to millimetre.,
MS072,Length,Introduction to length,Formal measurement of length,,Appropriate Units,Learner does not know how to choose an appropriate unit in order to measure its length.,What is the appropriate units to measure the length of the a pencil.
MS080,Length,Units of length,Special units of length,Unit Conversion,metre→Hectametre,Learner does not know how to convert metre to hectametre.,
MS081,Length,Units of length,Special units of length,Unit Conversion,Hectametre→metre,Learner does not know how to convert hectametre to metre.,
MS082,Length,Units of length,Special units of length,Unit Conversion,metre→Decametre,Learner does not know how to convert  metre to decametre.,
MS083,Length,Units of length,Special units of length,Unit Conversion,Decametre→metre,Learner does not know how to convert decametre to metre.,
MS084,Length,Units of length,Special units of length,Unit Conversion,metre→Decimetre,Learner does not know how to convert metre to decimetre.,
MS085,Length,Units of length,Special units of length,Unit Conversion,Centimetre→Hectametre,Learner does not know how to convert centimetre to hectametre.,
MS086,Length,Units of length,Special units of length,Unit Conversion,Centimetre→Decametre,Learner does not know how to convert centimetre to decametre.,
MS087,Length,Units of length,Special units of length,Unit Conversion,Centimetre→Decimetre,Learner does not know how to convert centimetre  to decimetre.,
MS088,Length,Units of length,Special units of length,Unit Conversion,Millimetre→Hectametre,Learner does not know how to convert millimetre to hectametre.,
MS089,Length,Units of length,Special units of length,Unit Conversion,Millimetre→Decametre,Learner does not know how to convert millimetre to decametre.,
MS090,Length,Units of length,Special units of length,Unit Conversion,Millimetre→Decimetre,Learner does not know how to convert millimetre to decimetre.,
MS091,Length,Units of length,Special units of length,Unit Conversion,Kilometre→Hectametre,Learner does not know how to convert kilometre to hectametre.,
MS092,Length,Units of length,Special units of length,Unit Conversion,Kilometre→Decametre,Learner does not know how to convert kilometre to decametre.,
MS093,Length,Units of length,Special units of length,Unit Conversion,Kilometre→Decimetre,Learner does not know how to convert kilometre to decimetre.,
MS094,Length,Units of length,Special units of length,Unit Conversion,Decimetre→Hectametre,Learner does not know how to convert decimetre to hectametre.,
MS095,Length,Units of length,Special units of length,Unit Conversion,Decimetre→Decametre,Learner does not know how to convert decimetre to decametre.,
MS096,Length,Units of length,Special units of length,Unit Conversion,Decametre→Hectametre,Learner does not know how to convert decametre to hectametre.,
MS097,Length,Units of length,Special units of length,Unit Conversion,Decimetre→metre,Learner does not know how to convert decimetre to metre.,
MS098,Length,Units of length,Special units of length,Unit Conversion,Hectametre→Centimetre,Learner does not know how to convert hectametre to centimetre.,
MS099,Length,Units of length,Special units of length,Unit Conversion,Decametre→Centimetre,Learner does not know how to convert decametre to centimetre.,
MS100,Length,Units of length,Special units of length,Unit Conversion,Decimetre→Centimetre,Learner does not know how to convert decimetre  to  centimetre.,
MS101,Length,Units of length,Special units of length,Unit Conversion,Hectametre→Millimetre,Learner does not know how to convert hectametre to millimetre.,
MS102,Length,Units of length,Special units of length,Unit Conversion,Decametre→Millimetre,Learner does not know how to convert decametre to millimetre.,
MS103,Length,Units of length,Special units of length,Unit Conversion,Decimetre→Millimetre,Learner does not know how to convert decimetre to millimetre.,
MS104,Length,Units of length,Special units of length,Unit Conversion,Hectametre→Kilometre,Learner does not know how to convert hectametre to kilometre.,
MS105,Length,Units of length,Special units of length,Unit Conversion,Decametre→Kilometre,Learner does not know how to convert decametre  to kilometre.,
MS106,Length,Units of length,Special units of length,Unit Conversion,Decimetre→Kilometre,Learner does not know how to convert decimetre  to kilometre.,
MS107,Length,Units of length,Special units of length,Unit Conversion,Hectametre→Decimetre,Learner does not know how to convert hectametre  to decimetre.,
MS108,Length,Units of length,Special units of length,Unit Conversion,Decametre→Decimetre,Learner does not know how to convert decametre to decimetre.,
MS109,Length,Units of length,Special units of length,Unit Conversion,Hectametre→Decametre,Learner does not know how to convert hectametre to decametre.,
MS110,Length,Units of length,Common units of length,Unit Conversion,Relation between multiple units,Learner is not able to figure the relationship between multiple units.,
MS120,Length,Addition of length,Addition of length without conversion,Addition of Length,Add with conversion,Learner does not know how to add different lengths which include conversion.,What is the total length of the rope if we join the ropes of 1 m 20 cm and 2 m and 2 m and 10 cm. Express your answer in metres.
MS121,Length,Addition of length,Addition of length with conversion,Addition of Length,Add without conversion,Learner does not know how to add lengths which do not include any conversion.,"Add the following: 
15 ft + 14.5 ft"
,,,,,,,
MS130,Length,Subtraction of length,Subtraction of length with conversion ,Subtraction of length,Subtract with conversion,Learner does not know how to subtract different lengths which include conversion.,From a rope of 10 cm if I cut 50 mm then what is the remaining length of the rope
MS131,Length,Subtraction of length,Subtraction of length without conversion,Subtraction of length,Subtract without conversion,Learner does not know to subtract different lengths which do not include any conversion.,"Subtract the following: 
13.4 inch - 3/4 of inch"
,,,,,,,
MS140,Length,Multiplication and Division of length,Multiplication of length,Multiplication of length,Multiply with conversion,Learner does not know how to multiply different lengths which include conversion.,"Multiply:
4.5 ft by quarter inch"
MS141,Length,Multiplication and Division of length,Multiplication of length,Multiplication of length,Multiply without conversion,Learner does not know to multiply different lengths which do not include any conversion.,"Multiply:
4.5 ft by quarter foot"
,,,,,,,
MS150,Length,Multiplication and Division of length,Division of length,Division of length,Divide with conversion,Learner does not know to divide different lengths which include conversion.,If you divide 10 m cloth into 5 parts what is the length of each piece
MS151,Length,Multiplication and Division of length,Division of length,Division of length,Divide without conversion,Learner does not know to divide different lengths which do not include any conversion.,If you divide 10 m cloth into 8 parts what is the length of each piece. Express your answer in centimetres.
MS162,Length,Multiplication and Division of length,Division of length,Application of length,All operations,Learner does not know to solve problems which consist of multiple operations.,If 1 m cloth = Rs. 250 then 2.5 m cloth costs? Again if we give 2.5 m cloth to 10 people then how much cloth do we need and what is the total cost?
MS163,Length,Introduction to length,Formal measurement of length,Concept of length,Length as a measure of distance,Learner is not aware of the concept of distance.,
,,,,,,,
,,,,,,,
,,,,,,,
,,,,,,,
,,,,,,,
,,,,,,,
,,,,,,,
,,,,,,,
,,,,,,,
,,,,,,,