Length(MS),,,,,,
Subconcepts,Sub Sub Concept,Scope Items,Tentative Primary LDs,,,
Introduction to length,Informal measurement of length,"Importance of measurement
Comparison of lengths/height when base levesl are the same or different
Comparison of strings/height – when they are straightened up/zig zag/coiled
Comparison of distance. Ex: Distance travelled from A to B and from B to A are same
Use of Handspan, Cubit, Fathom, Foot steps
Use of informal measurement to compare lengths                ",,,,
Introduction to length,Formal measurement of length,"Millimetre
Centimetre
Metre
Kilometre
Approximate usage of unit
SI unit of length
Foot 
Inches
Miles
Yards
Chain
Hectametre
Decametre
Decimetre
Nautical miles",,,,
Introduction to length,Measuring devices,"Informal tools. Ex: Length of a pencil = 10 rubbers; Length of another pencil (to be figured); less than /more than/equal to 10 rubbers
Identification of standard measuring devices (Use of appropriate device for the measurement)
Use of standard tools to compare lengths ",,,,
Units of length,Common units of length,"Metre to millimetre and vice versa. 
Metre to centimetre and vice versa. 
Metre to kilometre and vice versa.
Centimetre to millimetre and vice versa.
Centimetre to kilometre and vice versa.
Millimetre to kilometre and vice versa. 
Relation between multiple units",,,,
Units of length,Special units of length,"Metre to hectametre and vice versa
Metre to decametre and vice versa
Metre to decimetre and vice versa
Centimetre to hectametre and vice versa
Centimetre to decametre and vice versa
Centimetre  to decimetre and vice versa
Millimetre to hectametre and vice versa
Millimetre to decametre and vice versa
Millimetre to decimetre and vice versa
Kilometre to hectametre and vice versa
Kilometre to decametre and vice versa
Kilometre to decimetre and vice versa
Decimetre to hectametre and vice versa
Decimetre to decametre and vice versa
Decametre to hectametre and vice versa
Foot to inches and vice versa
Inches to foot and vice versa
Miles to kilometre and vice versa
Yards to feet and vice versa
Yards to inches and vice versa
Chain to inches and vice versa
Chain to feet and vice versa
Relation between multiple units including common conversion of units",,,,
Addition of length,Addition of length without conversion,"Addition without conversion
All common units (Millimetre, Centimetre, Metre, Kilometre)
All other special units (Hectametre, Decametre, Decimetre, Foot, Inches, Miles, Yards,Chain, Nautical miles)",,,,
Addition of length,Addition of length with conversion,"Addition with conversion 
All common conversion (Millimetre, Centimetre, Metre, Kilometre)
All other special conversion (Hectametre, Decametre, Decimetre, Foot, Inches, Miles, Yards, Chain, Nautical miles)
Relation between multiple conversion. Ex: Km to Cm, Inches to mm",,,,
Subtraction of length,Subtraction of length without conversion,"Subtraction without conversion
All common units (Millimetre, Centimetre, Metre, Kilometre)
All other special units (Hectametre, Decametre, Decimetre, Foot, Inches, Miles, Yards, Chain, Nautical miles)",,,,
Subtraction of length,Subtraction of length with conversion ,"Subtraction with conversion
All common conversion (Millimetre, Centimetre, Metre, Kilometre)
All other special conversion (Hectametre, Decametre, Decimetre, Foot, Inches, Miles, Yards, Chain, Nautical miles)
Relation between multiple conversion. Ex: Km to Cm, Inches to mm",,,,
Multiplication and Division of length,Multiplication of length,"Mutlplication with and without conversion
All common conversion (Millimetre, Centimetre, Metre, Kilometre)
All other special conversion (Hectametre, Decametre, Decimetre, Foot, Inches, Miles, Yards, Chain, Nautical miles)
Relation between multiple conversion. Ex: Km to Cm, Inches to mm",,,,
Multiplication and Division of length,Division of length,"Division with and without conversion
All common conversion (Millimetre, Centimetre, Metre, Kilometre)
All other special conversion (Hectametre, Decametre, Decimetre, Foot, Inches, Miles, Yards, Chain, Nautical miles)
Relation between multiple conversion. Ex: Km to Cm, Inches to mm",,,,
,,,,,,
,,,,,,
,,,,,,
,,,,,,
,,,,,,
,,,,,,
,,,,,,
,,,,,,
,,,,,,
,,,,,,