Length (MS),,,,
SSC,Dependency,,,
Informal measurement of length,,,,
Formal measurement of length,Informal measurement of length,,,
Measuring devices,Formal measurement of length,,,
Common units of length,Formal measurement of length,,,
Special units of length,Common units of length,,,
Addition of length without conversion,Formal measurement of length,,,
Addition of length with conversion,Common units of length,,,
Addition of length with conversion,Special units of length,,,
Addition of length with conversion,Addition of length without conversion,,,
Subtraction of length without conversion,Formal measurement of length,,,
Subtraction of length with conversion ,Subtraction of length without conversion,,,
Subtraction of length with conversion ,Common units of length,,,
Subtraction of length with conversion ,Special units of length,,,
Multiplication of length,Formal measurement of length,,,
Multiplication of length,Addition of length with conversion,,,
Multiplication of length,Common units of length,,,
Multiplication of length,Special units of length,,,
Division of length,Formal measurement of length,,,
Division of length,Subtraction of length with conversion ,,,
Division of length,Common units of length,,,
Division of length,Special units of length,,,
,,,,
,,,,
,,,,
,,,,
,,,,
,,,,
,,,,
,,,,
,,,,
,,,,