Addition (AT),,,,,,,,,,,,,,,,,,
LD Code,Concept,Subconcept,Sub Sub Concept,Class Category,Error Category,Teacher / Parent Description,Example,,,,,Banu Comments,,,,,,
AT001,Addition,Basics of addition,Concept of addition,Addition basics,Definition of addend,Learner does not know as to what is an addend.,,,,,,,,,,,,
AT002,Addition,Basics of addition,Concept of addition,Addition basics,Definition of sum,Learner is not aware of the concept of sum.,,,,,,,,,,,,
AT003,Addition,Basics of addition,Concept of addition,Addition basics,Forward counting,Learner is not able do addition by forward counting.,"8+7=?; 8,9,10,11,12,13,14,15",,,,,,,,,,,
AT004,Addition,Basics of addition,Concept of addition,Addition basics,Vocabulary of addition,"Learner is not able to understand or comprehend the situation or context related to addition, when words like, total, sum how many, all together etc. are used.",,,,,,Problem specific - Not able to comprehend the English in the stmt given.,,,,,,
AT005,Addition,Basics of addition,Concept of addition,Addition basics,"Description of operation ""addition""","learner is not aware of variety of linguistic descriptions for the operation ""addition"". ","For example, 5 + 4 could be described as: the sum of 5 and 4;4 added to 5;5 add 4;5 plus 4;4 more than 5;5 and 4 etc",,,,,,,,,,,
AT006,Addition,Basics of addition,Concept of addition,Addition basics,Sum is greater than each addends,Learner does not know that the sum of 2 or more numbers is always greater than each of the addends.,,,,,,,,,,,,
AT007,Addition,Addition of one digit numbers,Addition of one digit numbers without carryover,Adding horizontally,Addition of numbers using models,"Learner is not able to add numbers in context of pictures, blocks, objects or any other models.",,,,,,,,,,,,
AT008,Addition,Addition of one digit numbers,Addition of one digit numbers without carryover,Adding horizontally,Horizontal addition,Learner is not able to add numbers horizontally., 3+8+9+7+6=? changed description,,,,,How will we capture that they did Mental Math? Not sure about this.,,,,,,
AT009,Addition,Addition of one digit numbers,Addition of one digit numbers without carryover,Adding vertically,Addition without carryover,Learner is not able to add numbers column wise without carryover.,changed description.,,,,,,,,,,,
AT010,Addition,Addition of one digit numbers,Addition of one digit numbers without carryover,Estimated sum,Estimating sum ,Learner is not able to estimate the sum by rounding.,11+18=30;  238 + 975=1220; 847+391=1200;847+391=1200;6893+4288=11000,,,,,,,,,,,
AT011,Addition,Addition of one digit numbers,Addition of one digit numbers with carryover,Adding vertically,Concept of carryover,Learner is not able to understand the concept of carry over.,,,,,,,,,,,,
AT012,Addition,Addition of one digit numbers,Addition of one digit numbers with carryover,Adding vertically,Addition with carryover,Learner is not able to add numbers column wise with carryover.,changed description.,,,,,,,,,,,
AT013,Addition,Addition of one digit numbers,Addition of one digit numbers with carryover,Adding vertically,Addition of more than two numbers,Learner is not able to add more than 2 numbers.,,,,,,,,,,,,
AT014,Addition,Addition methods,Addition on number line,Adding numbers on number line,Addition on number line,Learner is not able to add numbers on the number line.,,,,,,,,,,,,
AT015,Addition,Addition methods,Addition strategies,Adding using strategy,Adding double numbers,Learner is not able to add one digit double numbers.,4+4=8; 7+7=14,,,,,,,,,,,
AT016,Addition,Addition methods,Addition strategies,Adding using strategy,Adding near double numbers,Learner is not able to add 2 or more near double one digit numbers.,3+4=3+3+1=6+1=7,,,,,,,,,,,
AT017,Addition,Addition methods,Addition strategies,Adding using strategy,Make-ten's,Learner is not able to split an addend in order to form 10 for the other addend.,6+9=5+10=15;6+8=4+10; 7+4=10+1=11,,,,,,,,,,,
AT018,Addition,Addition methods,Addition strategies,Adding using strategy,Counting in ten's,Learner is not able to count in tens and add the rest of the number.,36+25=(36+10+10+5)=(36 46 56 +5)=61,,,,,,,,,,,
AT019,Addition,Addition methods,Addition strategies,Adding using strategy,Place value decomposition,Learner is not able to decompose the place value and then add.,"38=30+8; 26=20+6; 38+26= 50+14=64; 357=300 + 50 + 7 ; 432= 400+30+2;  300+400=700, 50+30=80, 7+2=9, 700+80+9=789",,,,,,,,,,,
AT020,Addition,Addition methods,Addition strategies,Adding using strategy,Decomposition of the addends,Learner is not able to decompose one of the addends and then add.,"36+47=36+40+7=76+7=83 or 36+7=43,43+40=83
346+125=346+100+25=446+25=446+20+5=466+5=471 ",,,,,,,,,,,
AT021,Addition,Addition methods,Addition strategies,Adding using strategy,Moving strategy,Learner is not able to move some part of an addend and add it to another one.,568+296=564+300=864,,,,,,,,,,,
AT022,Addition,Addition methods,Addition strategies,Adding using strategy,Addition by compensating,Learner is not able to add extra what is needed and than remove after addition what is added.,"7+9= 7+10=17-1=16 (for single digit) ;36+29= 36+(30-1)=(36+30)-1=66-1=65 (for two digit)
268+390= 268+400=668-10=658 (for 3 digits)",,,,,,,,,,,
AT023,Addition,Addition methods,Addition strategies,Adding using strategy,Adjust both numbers ,Learner is not able to make numbers simpler by adjusting both the numbers and then adding.,"25+86=(25+5)+(86-5)=30+81=30+(80+1)=(30+80)+1=110+1=111
25+86=(25-4)+(86+4)=21+90=(20+1)+90=(20+90)+1=110+1=111",,,,,,,,,,,
AT024,Addition,Addition methods,Addition strategies,Adding using strategy,Multiples of 10,Learner is not able to add multiples of tens.,"40 + 90 = 130, because 4 + 9 = 13, so the answer is 13 tens = 130",,,,,,,,,,,
AT025,Addition,Addition methods,Addition strategies,Adding using strategy,Multiples of 100,Learner is not able to add multiples of hundred.,"400 + 500 = 900, because 4 + 5 = 9, so the answer is 9 hundreds = 900",,,,,,,,,,,
AT026,Addition,Addition facts,Addition properties,Properties of addition,Interchanging order of addends,Learner is not aware that the sum of two numbers does not change when the order of addends is interchanged.,7+5=5+?; ?+52=52+7,,,,,Learner is not aware that when two numbers are added the order of the numbers does not matter. Or Learner is not aware that the sum of two numbers does not change when the order is interchanged.,,,,,,
AT027,Addition,Addition facts,Addition properties,Properties of addition,Addition of zero,Learner is not aware that the sum of a number and 0 is the number itself.,167+0  and 0+1674,,,,,,,,,,,
AT028,Addition,Addition facts,Addition properties,Properties of addition,Associating addends,Learner is not awre that the numbers being added can be regrouped in any way without changing the sum.,(1368+2452)+1073=_____+(2452+1073),,,,,"Leaner is not aware that if two or more numbers have to be added, the order of the addends can be interchanged.",,,,,,
AT029,Addition,Addition facts,Addition properties,Odd and even numbers,Adding two odd numbers,Learner is not aware that the sum of two odd numbers is even number.,,,,,,,,,,,,
AT030,Addition,Addition facts,Addition properties,Odd and even numbers,Addition even and odd number,Learner is not aware that the sum of an even number and an odd number results in an odd number.,,,,,,,,,,,,
AT031,Addition,Addition facts,Addition properties,Odd and even numbers,Adding two even numbers,Learner is not aware that the sum of two even numbers is an even number as well.,,,,,,,,,,,,
AT032,Addition,Addition of 2 digit numbers,Addition of 2 digit numbers without carryover,Arranging addends column wise in place value chart.,Arranging addends column wise.,Learner is not able to arrange the addends under each other in the place value chart. ,22+7= 92 instead of 29,,,,,,,,,,,
AT033,Addition,Addition of 2 digit numbers,Addition of 2 digit numbers with carryover,Adding vertically,Writing vertical sum,Learner does not know where to write the number that is being carried over and hence writes it in the sum.,25+7=212 instead of 32,,,,,,,,,,,
,,,,,,,,,,,,,,,,,,
,,,,,,,,,,,,,,,,,,
,,,,,,,,,,,,,,,,,,
,,,,,,,,,,,,,,,,,,
,,,,,,,,,,,,,,,,,,
,,,,,,,,,,,,,,,,,,
,,,,,,,,,,,,,,,,,,
,,,,,,,,,,,,,,,,,,
,,,,,,,,,,,,,,,,,,
,,,,,,,,,,,,,,,,,,