Addition (AT),,,,,,,,,,,,,,,,,,,,
Subconcepts,Sub Sub Concept,Scope Items,,,,,,,,,,,,,,,,,,
Basics of addition,Concept of addition,"Meaning of addition. 
Terms related to addition(addends, sum, Total)
Plus sign (+) indicates addition
General form of an addition sentence is written as a + b = c
Forward counting using counting numbers.",,grade 2,,,,,,,"Scope looks way to crowded.  Abacus and NL have its own  trouble for learning before we can get to Addition on that, right?
Balancing. Is this the right place to learn this b'cos over here, you can only talk about concept of addition in single digit .. add means more, more than what you already have",,"What need to focus on meaning of addition, related terms ""total"", joining two groups means addition etc. I think these are important compared to toosl of addition at the introductory level",Not sure abut the counting / Number line and abacus in basics of addition. The mind map is different. Pl check ....,,,,,,
Basics of addition,Concept of groups,"Pictorial objects grouping
Addition of like and unlike objects",,,,,,,,,,,,,,,,,,
Basics of addition,Concept of approximation,General concept of approximation with respect to numbers.,"Example: Number of teeth in the mouth is greater or less than 50.
Number of seeds in an apple is greater than 20 or less than 20",,,,,,,,,,,,,,,,,
Addition of one digit numbers,Addition of one digit numbers without carryover,"Addition using pictures, blocks etc.
Adding 2 or more one digit numbers.
Balance addition equations for one digit numbers.","3+5=?
3+5=?+6",grade 2,,,,,,,"I think this should be fine as it's under each SC, right?",These SSC names repeat in each SC. Please check with Haris whether we can have it this way.,"Is this with respect to specific method, say horizontal / Vertical addition? Please refine the scope accordingly",Mental computation how are we going to capture and evaluate? Why are we starting with 3 or more numbers? should we not have the basics 2 + 3? Vertical can also have the abcus bead representation right?,What about single digit horizontal addition,,,,,
Addition of one digit numbers,Addition of one digit numbers with carryover,"Concept of carryover.
Adding 2 or more one digit numbers.",,grade 2,,,,,,,no comments,,Same comment as before - Generic - please consider this for all subsequent ssscs,,,,,,,
Addition methods,Addition on number line,"Addition using number line.
Horizontal addition: single digit numbers; two digit numbers and above.",,,,,,,,,,,,,,,,,,
Addition methods,Addition strategies,"1.Adding doubles.
2.Adding near doubles.
3.Make-ten's
4.Counting in tens
5.Place value decomposition.
6.Decomposing one of the addend
7.Moving strategy.
8.Compensation strategy.
9.Adjust both numbers (Making simpler numbers) 
10.Multiples of 10, 100, etc.","1.Adding doubles. 7+7=?
2. Adding near doubles: 6+7=6+6+1, 5+7=5+5+2=10+2
3.Make-Ten;6+9=5+10=15;6+8=4+10; 36+29= 36+(30-1)=(36+30)-1=66-1=65
4.Counting in tens:36+25=(36+10+10+5)=(36 46 56 +5)=61
5.Place value decomposition:Add 27+92, 20+7, 90+2; 20+70=90, 7+2=9, 90+9=99
6.Decomposing one of the addend:
36+47=36+40+7=76+7=83 or 36+7=43,43+40=83
346+125=346+100+25=446+25=446+20+5=466+5=471 
7.Moving Strategy. 568+296=564+300=864
8.Compensation Strategy: 268+390=268+400=668-10=658
9.Adjust Both Numbers (Making simpler numbers) :25+86=(25+5)+(86-5)=30+81=30+(80+1)=(30+80)+1=110+1=111 or 
25+86=(25-4)+(86+4)=21+90=(20+1)+90=(20+90)+1=110+1=111
10.Multiples of 10, 100, etc.:30 + 20 = 50, because 3 + 2 = 5, so the answer is 5 tens = 50; 400 + 500 = 900, because 4 + 5 = 9, so the answer is 9 hundreds = 900",,,,,,,,,,,,,,,,,
Addition facts,Addition properties,"Addition of one (counting sequence).
Addition of zero.
Order property of addition.
Addition by association
Application to horizontal addition",2+3=3+2,"grade 2, grade 4",,,,,,Remove from here and keep in whole number,Is this really for lower grades or does it go into properties of whole number,,Does this warrant SC/SSC treatment?,,,,,,,
Addition of 2 digit numbers,Addition of 2 digit numbers without carryover,"Addition of one-digit and 2-digit numbers.
Adding 2 or more 2-digit numbers.
Balance addition equations for 2-digit Numbers.
Estimated sum for 2-digit numbers.",,grade 3,,,,,,,ok,,,,"Will horizontal addition and adding in tens and ones have with carry and without carry. If that is the case, then we need to reorganize",,,,,
Addition of 2 digit numbers,Addition of 2 digit numbers with carryover,"Addition of one-digit and 2-digit numbers
Addition of two or more 2-digt numbers. 
Estimated sum for 2-digit numbers.",,grade 3,,,,,,,"typo? two 3-digit numbers? I am reading it as ""3 two digit numbers. So why restrict only to 3 numbers, we can have even more.. so more than 2.  We should probably take them all the way to carryover resulting in 3 digit number, right?",,,,,,,,,
Addition of 3 digit numbers,Addition of 3 digit numbers without carryover,"Addition of 2-digt number and 3-digt number.
Addition of two or more 3-digt numbers. 
Mix number addition of one, 2 and 3 digit numbers.
Balance addition equations for 3-digit Numbers.
Estimated Sum for 3-digit Numbers.","Add 200+187, 1. 200+100=300, 2+87=89, 300+89=389
855 + 335=900 + 300=1200-estimated sum.",grade 2,,,,,,,"Looks like we are missing strategy here, but focussing on strategy in next",,,,,,,,,
Addition of 3 digit numbers,Addition of 3 digit numbers with carryover,"Addition of 2-digt number and 3-digt number.
Addition of two or more 3-digt numbers. 
Mix number addition of one, 2 and 3 digit numbers.
Balance addition equations for 3-digit numbers.
Estimated sum for 3-digit numbers.",,"grade 2,3",,,,,,,More focus on strategy and less scope for covering carry over,Scope does not go with the SSC.,"Again, as the number of digits increase, probably we could mix numbers that may or may not carry over.  Agree with Haris",,,,,,,
Addition of 4 digit numbers,Addition of four digit numbers,"Addition of 3-digt number and 4-digt number.
Addition of two or more 4-digt numbers. 
Balance addition equations.
Estimated sum.
Addition of 2 or more  4-digit numbers.
Mix number addition 2, and 4 digit numbers.",8855 + 5335=9000 + 5000=1400-estimated sum.,"grade 3
grade 4",,,,,,,,,,,,,,,,
Addition of large numbers,Addition of 5 digit numbers and above,"Addition 2 or more;  5, 6, 7, 8 or 9-digit numbers
Mix number addition of 3, 4, 5, 6 and above digit numbers.",,"grade 4, 5",,,,,,,,,,,,,,,,
Word Problems,Addition word problems,"Word problems related to addition of 2 digit numbers without and with carryover.
Word problems related to addition of 3 digit numbers without and with carryover.
Word problems related to addition of more than 3 digit numbers without and with carryover.",,,,,,,,,,,,,,,,,,
,,,,,,,,,,,,,,,,,,,,
,,,,,,,,,,,,,,,,,,,,
,,,,,,,,,,,,,,,,,,,,
,,,,,,,,,,,,,,,,,,,,
,,,,,,,,,,,,,,,,,,,,
,,,,,,,,,,,,,,,,,,,,
,,,,,,,,,,,,,,,,,,,,
,,,,,,,,,,,,,,,,,,,,
,,,,,,,,,,,,,,,,,,,,
,,,,,,,,,,,,,,,,,,,,
,,,,,,,,,,,,,,,,,,,,
,,,,,,,,,,,,,,,,,,,,
,,,,,,,,,,,,,,,,,,,,
,,,,,,,,,,,,,,,,,,,,
,,,,,,,,,,,,,,,,,,,,
,,,,,,,,,,,,,,,,,,,,
,,,,,,,,,,,,,,,,,,,,
,,,,,,,,,,,,,,,,,,,,
,,,,,,,,,,,,,,,,,,,,
,,,,,,,,,,,,,,,,,,,,
,,,,,,,,,,,,,,,,,,,,
,,,,,,,,,,,,,,,,,,,,
,,,,,,,,,,,,,,,,,,,,
,,,,,,,,,,,,,,,,,,,,
,,,,,,,,,,,,,,,,,,,,
,,,,,,,,,,,,,,,,,,,,
,,,,,,,,,,,,,,,,,,,,
,,,,,,,,,,,,,,,,,,,,
,,,,,,,,,,,,,,,,,,,,
,,"Addition facts:
1.Children learn and recall  doubles easily (2 + 2, 9 + 9, etc.) regardless of the size of the numbers.
2..Adding on 0 and 1 is very easy. 
3.Count all the objects: 2+3; 1, 2,3, 4, 5 etc",,,,,,,,,,,,,,,,,,
,,,,,,,,,,,,,,,,,,,,
,,"Mental computations:
1.Doubles to 5 : 1+1=2; 2+2=4; 3+3=6; 4+4=8 and 5+5=10
2.Groupings within 5: 1+4=4+1=5; 2+3=3+2=5
3.Doubles to 10: 6+6=12; 7+7=14; 8+8=16; 9+9=18
4.Groupings within 10; 1+9=9+1=10; 2+8=8+2=10; 3+7=7+3=10; 4+6=6+4=10
5.Ten plus a number: 10+1=11; 10+2=12; 10+3=13; 10+4=14; 10+5=15;10+6=16; 10+7=17;10+8=18; 10+9=19
6. Doubles  to 18: 10+10=20;11+11=22; 12+12=24;13+13=26;14+14=28; 15+15=30; 16+16=32; 17+17=34; 18+18=36                              
7. Near Doubles: 3+4=3+3+1=6+1=7
8. Near groupings to 10: 7+4=11=7+3+1=10+1=11
9.Grouping to 10 and then use groupings to 10 and compensation, e.g. 8 + 5 = 13, because 10+3=13
10. Part-whole partitioning: 8+5= 8+2+3=10+3=13..make a ten then ten plus facts.
                 
                                 
                                 ",,,,,,,,,,,,,,,,,,
,,,,,,,,,,,,,,,,,,,,
,,Addition Stratigies:,,,,,,,,,,,,,,,,,,
,,"Multiples of 10, 100, etc.
1.30 + 20 = 50, because 3 + 2 = 5, so the answer is 5 tens = 50
2. 400 + 500 = 900, because 4 + 5 = 9, so the answer is 9 hundreds = 900",,,,,,,,,,,,,,,,,,
,,"Groupings within 10
1.30 + 70 = 100, because 3 + 7 = 10, so the answer is 10 tens = 100
2.800 + 200 = 1000, because 8 + 2 = 10, so the answer is 10 hundreds = 1000
3.40 + 90 = 130, because 4 + 9 = 13, so the answer is 13 tens = 130
4.700 + 500 = 1200, because 7 + 5 = 12, so the answer is 12 hundreds = 1200
5.Place value decomposition:300 + 50 + 7 = 357",,,,,,,,,,,,,,,,,,
,,"1.Break Up 1 Number 36+25=36+(20+5)=56+5=61
2.Break Up 2 Number (Using place value to add) 36+25=(30+6)+(20+5)=(30+20)+(6+5)=50+11=61
3.Count by 10's (Counting in tens) 36+25=(36+10+10+5)=(36 46 56 +5)=61
4. Make a 10's Number  36+29= 36+(30-1)=(36+30)-1=66-1=65
5. Adjust Both Numbers (Making simpler numbers) 25+86=(25+5)+(86-5)=30+81=30+(80+1)=(30+80)+1=110+1=111
6. Adjust Both Numbers (Making simpler numbers) 25+86=(25-4)+(86+4)=21+90=(20+1)+90=(20+90)+1=110+1=111",,,,,,,,,,,,,,,,,,
,,"1.Addition with Regrouping Ones:Add the ones and regroup 327+256=? 7+6=13 ones=1 ten 3 ones
2.Addition with Regrouping Tens: 273+392=?  Add the tens and regroup 7+9=16= 1 hundred 6 tens
3.Addition with Regrouping Tens and Ones:588+348=?  Add the ones and regroup 8+8=16 and Add the tens and regroup 1+8+4=13
4.Addition with Regrouping Hundreds:648+875=? Add the ones and regroup 8+5=13= 1 tens 3 ones; Add the tens and regroup 1+4+7=12 tens = 1 hundred 2 tens and Add the hundreds and regroup 1+6+8=15 hundreds= 1 thousands 5 hundreds 
5. Addition with Regrouping Thousands: 5648+6875=? Add the ones and regroup 8+5=13= 1 tens 3 ones; Add the tens and regroup 1+4+7=12 tens= 1 hundred 2 tens
   Add the hundreds and regroup 1+6+8=15 hundreds= 1 thousands 5 hundreds  and  Add the thousands and regroup  1+5+6=12 thousands= 1 ten thousand 2 thousands",,,,,,,,,,,,,,,,,,
,,,,,,,,,,,,,,,,,,,,
,,,,,,,,,,,,,,,,,,,,
,,,,,,,,,,,,,,,,,,,,
,,,,,,,,,,,,,,,,,,,,
,,,,,,,,,,,,,,,,,,,,
,,,,,,,,,,,,,,,,,,,,
,,,,,,,,,,,,,,,,,,,,
,,,,,,,,,,,,,,,,,,,,
,"
 ",,,,,,,,,,,,,,,,,,,
,,,,,,,,,,,,,,,,,,,,
,,,,,,,,,,,,,,,,,,,,
,,,,,,,,,,,,,,,,,,,,
,,,,,,,,,,,,,,,,,,,,
,,,,,,,,,,,,,,,,,,,,
,,,,,,,,,,,,,,,,,,,,
,,,,,,,,,,,,,,,,,,,,
,,,,,,,,,,,,,,,,,,,,
,,1. What is addition. Define Addends. Add single digit using pictures. - Concept of addition.,,,,,,,,,,,,,,,,,,
,,2. Horizontal and Vertical Addition Introduction. - Methods of addition,,,,,,,,,,,,,,,,,,
,,3. Adding on Number Line and Abacus.- Methods of addition.,,,,,,,,,,,,,,,,,,
,,4. Balance Addition Equations and Addition sentences to describe pictures. - Addition Sentences.,,,,,,,,,,,,,,,,,,
,,5. Addition by Counting Forward - Dont give any range here. we will take the range as and when we need accordign to the grade later.,,,,,,,,,,,,,,,,,,
,,6. Addition Strategies - remove from Basic. Keep them separately. This will work for all digits according to the BTLO.,,,,,,,,,,,,,,,,,,
,,7. Properties of Addition remove from here - we will take that to Whole Numbers. If nything is needed in the early stage we will map from there accordingly.,,,,,,,,,,,,,,,,,,
,,8. Horizontal addition of 2 digit numbers remove. Both vertical and horizontal after the intro can be taken at the BTLO level. Also the fill ups after the intro of the sentences with smaller numbers can be taken for large numbers accordign to BTLO.,,,,,,,,,,,,,,,,,,
,,9. All the mix up 3 with 2 digit and types like that remove and bring it as BTLO stages.,,,,,,,,,,,,,,,,,,
,,,,,,,,,,,,,,,,,,,,
,,,,,,,,,,,,,,,,,,,,
,,,,,,,,,,,,,,,,,,,,
,,,,,,,,,,,,,,,,,,,,
,,,,,,,,,,,,,,,,,,,,
,,,,,,,,,,,,,,,,,,,,
,,,,,,,,,,,,,,,,,,,,
,,,,,,,,,,,,,,,,,,,,
,,,,,,,,,,,,,,,,,,,,
,,,,,,,,,,,,,,,,,,,,