Addition (AT),,,,,,,,Babu,,,
SSC,Dependency,,,,,,,,,,
Concept of addition,,,,,,,,,,,
Concept of groups,Concept of addition,,,,,,,,,,
Concept of approximation,Concept of groups,,,,,,,,,,
Addition of one digit numbers without carryover,Concept of addition,,,,,,,Concept of addition,done,,
Addition of one digit numbers with carryover,Concept of addition,,,,,,,"On the hind sight, this ssc is not necessary carry over significant for mainly 2-digits and above.
May be rows 6, 7 and 8 should be simply be removed and done as part of intro - as we did in subtraction",,,
Addition on number line,Addition of one digit numbers without carryover,,,,,,,,,,
Addition on number line,Addition of one digit numbers with carryover,,,,,,,,,,
Addition strategies,Addition of one digit numbers without carryover,,,,,,,,,,
Addition strategies,Addition of one digit numbers with carryover,,,,,,,,,,
Addition properties,Addition of one digit numbers without carryover,,,,,,,,"As addition facts depends on Addition of one-digit number, the SSC's dependecy will also change accordingly.",,
Addition properties,Addition of one digit numbers with carryover,,,,,,,,,,
Addition of 2 digit numbers without carryover,Addition strategies,,,,,,,"If the above comment is done, then this depends on the basics of addition.","As addition facts depends on Addition of one-digit number, the SSC's dependecy will also change accordingly.",,
Addition of 2 digit numbers with carryover,Addition strategies,,,,,,,basics of addition,"As addition facts depends on Addition of one-digit number, the SSC's dependecy will also change accordingly.",,
Addition of 2 digit numbers without carryover,Addition properties,,,,,,,,,,
Addition of 2 digit numbers with carryover,Addition properties,,,,,,,,,,
Addition of 3 digit numbers without carryover,Addition of 2 digit numbers without carryover,,,,,,,,,,
Addition of 3 digit numbers with carryover,Addition of 2 digit numbers with carryover,,,,,,,,,,
Addition of four digit numbers,Addition of 3 digit numbers with carryover,,,,,,,,,,
Addition of 5 digit numbers and above,Addition of four digit numbers,,,,,,,,,,
Addition word problems,Addition of 3 digit numbers without carryover,,,,,,,,,,
Addition word problems,Addition of 5 digit numbers and above,,,,,,,,,,
,,,,,,,,,,,
,,,,,,,,,,,
,,,,,,,,,,,
,,,,,,,,,,,
,,,,,,,,,,,
,,,,,,,,,,,
,,,,,,,,,,,
,,,,,,,,,,,
,,,,,,,,,,,
,,,,,,,,,,,