Addition (AT),,,,,,,,,Babu,,,
Subconcept,Dependency,,,,,,,,,,,
Basics of addition,,,,,,,,,,,,
Addition of one digit numbers,Basics of addition,,,,,,,,,,,
Addition methods,Addition of one digit numbers,,,,,,,,,,,
Addition facts,Addition of one digit numbers,,,,,,,,,,,
Addition of 2 digit numbers,Addition methods,,,,,,,,,,,
Addition of 2 digit numbers,Addition facts,,,,,,,,,,,
Addition of 3 digit numbers,Addition of 2 digit numbers,,,,,,,,,,,
Addition of 4 digit numbers,Addition of 3 digit numbers,,,,,,,,,,,
Addition of large numbers,Addition of 4 digit numbers,,,,,,,,,,,
Word Problems,Addition of large numbers,,,,,,,,,,,
,,,,,,,,,,,,
,,,,,,,,,,,,
,,,,,,,,,,,,
,,,,,,,,,,,,
,,,,,,,,,,,,
,,,,,,,,,,,,
,,,,,,,,,,,,
,,,,,,,,,,,,
,,,,,,,,,,,,
,,,,,,,,,,,,