Data Handling (DH),,,,,,,
LD Code,Concept,Subconcept,Sub Sub Concept,Class Category,Error Category,Teacher / Parent Description,Example
DH004,Data Handling,Introduction to Data Handling,Collection and Organisation of Data,Frequncy Table,Interpret frequency table,Learner is not able to interpret data from the given table.,
DH005,Data Handling,Introduction to Data Handling,Grouped and Ungrouped Data,Types of data,Concept of Primary Data,Learner is not aware that the data collected directly is called the primary data.,
DH006,Data Handling,Introduction to Data Handling,Grouped and Ungrouped Data,Types of data,Concept of Secondary Data,Learner is not aware that data taken from other sources is called the secondary data.,
DH007,Data Handling,Introduction to Data Handling,Grouped and Ungrouped Data,Class Limit,Lower and Upper Class limit,Learner is not able to identify the lower and upper class limits.,
DH008,Data Handling,Introduction to Data Handling,Grouped and Ungrouped Data,Class Limit,Class Width,Learner is not aware of the class width of the class interval.,
DH009,Data Handling,Introduction to Data Handling,Grouped and Ungrouped Data,Class Limit,Inclusive and Exclusive,Learner is not able to distinguish between inclusive and exclusive forms of frequency distribution.,
DH011,Data Handling,Introduction to Data Handling,Grouped and Ungrouped Data,Class Limit,Mid - Class Limit,Learner is not able to compute the mid - class limit.,
DH012,Data Handling,Introduction to Data Handling,Grouped and Ungrouped Data,Types of variables,Discrete and Continuous,Learner does not know the difference between discrete and continuous variables.,
DH276,Data Handling,Pictograph,Drawing and Interpreting Pictograph,Pictograph,Draw and Interpret Pictograph,Learner is unable to draw and interpret pictographs.,
DH277,Data Handling,Pictograph,Drawing and Interpreting Pictograph,Pictograph,Fractional pictographs,Learner is unable to draw and interpret fractional pictographs.,
DH278,Data Handling,Pictograph,Drawing and Interpreting Pictograph,Pictograph,Pictographs with different key values,Learner is unable to compute and interpret the pictograph when the each picture is associated with different key values,
DH283,Data Handling,Introduction to Data Handling,Grouped and Ungrouped Data,Group and Ungroup data,Group and Ungroup data,Learner is unable to group the ungrouped data.,
DH284,Data Handling,Introduction to Data Handling,Grouped and Ungrouped Data,Group and Ungroup data,Difference between group and ungroup,Learner does not know the difference between grouped and ungrouped data.,
DH300,Data Handling,Introduction to Data Handling,Collection and Organisation of Data,Application of graph,Graph for given data,Learner does not know how to choose the appropriate graph for representing the given data,
DH301,Data Handling,Introduction to Data Handling,Collection and Organisation of Data,Application of graph,Qualitative data,Learner does not know the concept of qualitative data.,
DH302,Data Handling,Introduction to Data Handling,Collection and Organisation of Data,Application of graph,Quantitative data,Learner does not know the concept of quantitative data.,
DH410,Data Handling,Pictograph,Drawing and Interpreting Pictograph,Pictograph,Drawing pictograph with key value,Learner is unable to draw the pictograph for the given key value.,
,,,,,,,
,,,,,,,
,,,,,,,
,,,,,,,
,,,,,,,
,,,,,,,
,,,,,,,
,,,,,,,
,,,,,,,
,,,,,,,