Data Handling (DH),,,,,
Subconcepts,Sub Sub Concept,Scope Items,Tentative Primary LDs,,
Introduction to Data Handling,Collection and Organisation of Data,"Definition and types of data(primary and secondary)
Interpreting the data in the table.
Understanding graphs
Forming table for the given data
Tally mark",Lower grades,,
Introduction to Data Handling,Grouped and Ungrouped Data,"Tabulation of raw and arrayed data
Tabulation of grouped data, Class boundaries, exclusive and inclusive forms
Class size, Class Mark,
Rules to convert discontinuous to continuous form
Continuous and discrete variables, terms.",,,
Pictograph,Drawing and Interpreting Pictograph,"Interpretation of pictographs
Drawing Pictographs
Use of tally in pictographs
Fractional pictographs
Pictographs with different key values",Lower grades,,
,,,,,
,,,,,
,,,,,
,,,,,
,,,,,
,,,,,
,,,,,
,,,,,
,,,,,
,,,,,
,,,,,
,,,,,
,,,,,
,,,,,
,,,,,
,,,,,
,,,,,