"node.id","indegree","outdegree","centrality","closeness","pagerank","is.conn","clust"
"Dom:Num:GE:GI:C1:MCT1:MCN1:GI056",1,0,0,0,0.000551678688634339,0,NA
"Dom:Num:AR:ML:C9:MCT17",6,0,0,0,0.00619069356498973,0,0.0666666666666667
"Dom:Num:AR:CP:C0",1,5,90,0,0.000641011680217631,0,0.4
"Dom:Num:AR:WT:C1:MCT2:MCN1:WT016",1,0,0,0,0.000542827644877026,0,NA
"Dom:Num:AR:DI:C2",2,3,149.133333333333,0,0.0007355930048501,0,0.3
"Dom:Num:AR:ML:C3:MCT5:MCN4:ML005",1,0,0,0,0.00108948180115506,0,NA
"Dom:Num:AR:FC:C2:MCT11",2,2,117.5,0,0.00168578519903044,0,0.333333333333333
"Dom:Num:AR:FC:C5:MCT17:MCN11:FC100",1,0,0,0,0.000895323854672343,0,NA
"Dom:Num:GE:TS:C1:MCT1:MCN4:TS043",1,0,0,0,0.000735150050674303,0,NA
"Dom:Num:AR:ML:C1:MCT2:MCN9:ML010",1,0,0,0,0.00105283993853409,0,NA
"Dom:Num:GE:GI:C0:MCT0:MCN5:GI192",1,0,0,0,0.000809606274540324,0,NA
"Dom:Num:AR:MS:C4:MCT9",5,1,60,0,0.00244487191500667,0,0.266666666666667
"Dom:Num:GE:PS:C1:MCT2:MCN11",1,1,16,0,0.000604814078633046,0,0
"Dom:Num:GE:GI:C1:MCT1:MCN1:GI003",1,0,0,0,0.000551678688634339,0,NA
"Dom:Num:AR:FC:C0:MCT0:MCN15",1,1,10,0,0.000695947990770775,0,0
"Dom:Num:AR:DI:C0:MCT0",1,5,80,0,0.000593504883895491,0,0.0666666666666667
"Dom:Num:AR:WT:C4",4,2,67.25,0,0.00126574807387454,0,0.333333333333333
"Dom:Num:AR:SB:C2:MCT3",2,3,150.547619047619,0,0.000956842569220744,0,0
"Dom:Num:AR:MS:C0:MCT1:MCN2:MS022",1,0,0,0,0.000591058595545082,0,NA
"Dom:Num:AR:ML:C4:MCT7:MCN13",1,1,14,0,0.000643352295353806,0,0
"Dom:Num:AR:ML:C4:MCT7:MCN12:ML014",1,0,0,0,0.00078985599782475,0,NA
"Dom:Num:AR:WT:C0",1,5,108,0,0.000641011680217631,0,0.4
"Dom:Num:AR:TI:C2:MCT2:MCN5",1,4,60,0,0.000799302278642117,0,0
"Dom:Num:AR:MS:C0:MCT0:MCN0:MS005",1,0,0,0,0.000583745384835123,0,NA
"Dom:Num:AR:NS:C0:MCT0:MCN1:NS022",1,0,0,0,0.000545235043325364,0,NA
"Dom:Num:AR:MS:C1:MCT4:MCN3:MS039",1,0,0,0,0.000558934037806167,0,NA
"Dom:Num:AR:FC:C7:MCT24:MCN13",1,6,156,0,0.00133011503685433,0,0
"Dom:Num:AR:NS:C0:MCT1:MCN3:NS031",1,0,0,0,0.000569404495141033,0,NA
"Dom:Num:AR:NS:C1:MCT4:MCN29:NS111",1,0,0,0,0.000777116954738221,0,NA
"Dom:Num:AR:SB:C0:MCT0:MCN0:SB004",1,0,0,0,0.000693701532849334,0,NA
"Dom:Num:AR:ML:C0:MCT0:MCN0",1,1,7,0,0.000658857998766124,0,0
"Dom:Num:AR:DI:C6:MCT14",2,2,26.2,0,0.00116194655276521,0,0.666666666666667
"Dom:Num:ST:DH:C0:MCT0:MCN6:DH302",1,0,0,0,0.000711354870784871,0,NA
"Dom:Num:AR:CP:C4:MCT8",4,1,40,0,0.00210370546566596,0,0.3
"Dom:Num:AR:SB:C4:MCT5:MCN9:SB032",1,0,0,0,0.00118589521297098,0,NA
"Dom:Num:AR:TI:C1:MCT1",2,5,504.666666666667,0,0.000814755416287552,0,0
"Dom:Num:AR:MS:C1:MCT3:MCN4:MS098",1,0,0,0,0.000528808386245087,0,NA
"Dom:Num:GE:TS:C0:MCT0",1,5,129,0,0.000894138249192085,0,0
"Dom:Num:GE:PS:C1:MCT1:MCN3:PS034",1,0,0,0,0.000751568516550539,0,NA
"Dom:Num:AR:NS:C6:MCT17:MCN32",1,5,65,0,0.00154874099885069,0,0
"Dom:Num:AR:SB:C1:MCT1:MCN1",1,1,8,0,0.000740393286052758,0,0
"Dom:Num:AR:FC:C3:MCT13",2,1,96,0,0.0015005440242558,0,0
"Dom:Num:AR:NS:C1:MCT3:MCN4",1,4,28,0,0.000617811921446299,0,0
"Dom:Num:GE:PS:C0:MCT0:MCN2",1,1,13,0,0.000688485539285895,0,0
"Dom:Num:AR:AT:C2:MCT6:MCN5:AT020",1,0,0,0,0.00057924966009813,0,NA
"Dom:Num:AR:FC:C2:MCT8",2,1,136,0,0.00120614463321135,0,0.333333333333333
"Dom:Num:AR:MS:C1:MCT3:MCN4:MS104",1,0,0,0,0.000528808386245087,0,NA
"Dom:Num:AR:NS:C3:MCT8:MCN15:NS066",1,0,0,0,0.00102375331519267,0,NA
"Dom:Num:AR:DI:C0:MCT1:MCN9",1,2,20,0,0.000811551575816416,0,0
"Dom:Num:AR:AT:C3:MCT7:MCN7",1,3,33,0,0.000759419971664867,0,0
"Dom:Num:AR:NS:C5:MCT14:MCN11",1,1,11,0,0.000672077047769411,0,0
"Dom:Num:AR:DI:C0:MCT0:MCN5",1,1,9,0,0.000617327102561616,0,0
"Dom:Num:AR:TI:C1:MCT1:MCN7:TI079",1,0,0,0,0.000794780641853396,0,NA
"Dom:Num:AR:NS:C3",2,3,76,0,0.000638123509961671,0,0.3
"Dom:Num:AR:WT:C0:MCT0:MCN0",1,7,77,0,0.000693628862048024,0,0
"Dom:Num:AR:MS:C0:MCT1:MCN2:MS025",1,0,0,0,0.000591058595545082,0,NA
"Dom:Num:AR:NS:C5:MCT16:MCN22:NS079",1,0,0,0,0.00114991370947126,0,NA
"Dom:Num:ST",1,1,30,0,0.000604224588590278,0,0
"Dom:Num:AR:DI:C2:MCT6:MCN17:DI040",1,0,0,0,0.000600368558236783,0,NA
"Dom:Num:AR:WT:C1:MCT2:MCN1:WT010",1,0,0,0,0.000542827644877026,0,NA
"Dom:Num:AR:MS:C1:MCT3:MCN4:MS060",1,0,0,0,0.000528808386245087,0,NA
"Dom:Num:AR:FC:C6:MCT20",2,1,148,0,0.00128007854601088,0,0.666666666666667
"Dom:Num:AR:SB:C1:MCT1",2,4,102.952380952381,0,0.00105393888825118,0,0
"Dom:Num:AR:NS:C3:MCT9",1,4,7.5,0,0.000697232933455189,0,0.1
"Dom:Num:AR:NS:C5:MCT14:MCN11:NS061",1,0,0,0,0.00108769676290338,0,NA
"Dom:Num:AR:NS:C0:MCT0:MCN1",1,17,85,0,0.000576075420519623,0,0
"Dom:Num:AR:FC:C6:MCT21:MCN12:FC110",1,0,0,0,0.000728260256584489,0,NA
"Dom:Num:AR:MS:C1:MCT4:MCN3:MS041",1,0,0,0,0.000558934037806167,0,NA
"Dom:Num:AR:NS:C2:MCT6:MCN27:NS095",1,0,0,0,0.00105258499718626,0,NA
"Dom:Num:AR:MS:C0:MCT0:MCN0:MS008",1,0,0,0,0.000583745384835123,0,NA
"Dom:Num:AR:TI:C1:MCT1:MCN4:TI043",1,0,0,0,0.000534389296141577,0,NA
"Dom:Num:ST:DH:C0:MCT1",2,4,156,0,0.000978754931362829,0,0.0666666666666667
"Dom:Num:AR:AT:C2:MCT5:MCN4",1,1,11,0,0.00140596898170554,0,0
"Dom:Num:AR:TI:C4:MCT6:MCN9:TI084",1,0,0,0,0.000895567568075768,0,NA
"Dom:Num:AR:FC:C1:MCT3:MCN1:FC028",1,0,0,0,0.000602679401448187,0,NA
"Dom:Num:AR:FC:C0:MCT0:MCN0:FC161",1,0,0,0,0.000555868325109727,0,NA
"Dom:Num:AR:MS:C1:MCT3:MCN4:MS062",1,0,0,0,0.000528808386245087,0,NA
"Dom:Num:AR:DI:C1:MCT5:MCN20:DI032",1,0,0,0,0.000629926793694615,0,NA
"Dom:Num:AR:TI:C2:MCT2:MCN5:TI054",1,0,0,0,0.000686283006510833,0,NA
"Dom:Num:AR:ML:C3:MCT5:MCN6:ML007",1,0,0,0,0.00108948180115506,0,NA
"Dom:Num:AR:ML:C0:MCT0",1,4,34.4166666666667,0,0.000670243418667018,0,0.1
"Dom:Num:AR:TI:C0",1,2,135,0,0.000620248278897923,0,0.333333333333333
"Dom:Num:AR:AT:C0:MCT0:MCN0:AT002",1,0,0,0,0.000608620504952774,0,NA
"Dom:Num:CC:RE:C1:MCT1:MCN0:RE001",1,0,0,0,0.00267385655434289,0,NA
"Dom:Num:ST:DH:C1",2,1,63,0,0.0013171044295882,0,0.333333333333333
"Dom:Num:AR:AT:C2:MCT5",3,1,20,0,0.00104651495224254,0,0
"Dom:Num:AR:NS:C0:MCT0:MCN1:NS017",1,0,0,0,0.000545235043325364,0,NA
"Dom:Num:AR:NS:C0:MCT0:MCN1:NS011",1,0,0,0,0.000545235043325364,0,NA
"Dom:Num:AR:NS:C1:MCT3:MCN6",1,1,7,0,0.000617811921446299,0,0
"Dom:Num:CC:RE:C1",2,1,43.5,0,0.00168166635498544,0,0.333333333333333
"Dom:Num:AR:NS:C0:MCT0:MCN1:NS009",1,0,0,0,0.000545235043325364,0,NA
"Dom:Num:AR:NS:C2:MCT6:MCN12:NS062",1,0,0,0,0.00105258499718626,0,NA
"Dom:Num:AR:SB:C2:MCT2:MCN2",1,1,10,0,0.00132974745613701,0,0
"Dom:Num:AR:CP:C2:MCT5:MCN3",1,1,18,0,0.00130304432105722,0,0
"Dom:Num:CC:RE:C0:MCT0:MCN1:RE024",1,0,0,0,0.000570212084090253,0,NA
"Dom:Num:AR:SB:C4:MCT5",3,4,68.3833333333333,0,0.00127610994722281,0,0.0476190476190476
"Dom:Num:AR:TI:C0:MCT0:MCN12:TI091",1,0,0,0,0.00104932728398309,0,NA
"Dom:Num:AR:ML:C7:MCT15",2,3,81.6666666666667,0,0.00102147788957375,0,0
"Dom:Num:AR:MS:C1:MCT3:MCN4:MS100",1,0,0,0,0.000528808386245087,0,NA
"Dom:Num:AR:FC:C5:MCT17",2,2,62,0,0.00088254279111819,0,0.166666666666667
"Dom:Num:AR:NS:C4:MCT12",2,0,0,0,0.00093579576239232,0,0
"Dom:Num:AR:TI:C2:MCT2:MCN6:TI060",1,0,0,0,0.000552189532133372,0,NA
"Dom:Num:GE:PS:C1:MCT2:MCN13:PS169",1,0,0,0,0.000773477255718427,0,NA
"Dom:Num:AR:CP:C0:MCT1",2,5,71.7142857142857,0,0.00075830145024786,0,0.0952380952380952
"Dom:Num:GE:PS:C1:MCT2:MCN7:PS069",1,0,0,0,0.000687795261245412,0,NA
"Dom:Num:AR:NS:C1:MCT5:MCN31:NS117",1,0,0,0,0.00112774495730362,0,NA
"Dom:Num:ST:DH:C1:MCT2:MCN4:DH278",1,0,0,0,0.000952653401152713,0,NA
"Dom:Num:AR:FC:C2:MCT12:MCN7",1,2,48,0,0.00107374926530008,0,0
"Dom:Num:AR:AT:C2:MCT6:MCN5:AT019",1,0,0,0,0.00057924966009813,0,NA
"Dom:Num:AR:SB:C3:MCT4:MCN6:SB024",1,0,0,0,0.000714054203437969,0,NA
"Dom:Num:GE:GI:C1:MCT1:MCN1:GI066",1,0,0,0,0.000551678688634339,0,NA
"Dom:Num:GE:PS:C1:MCT2:MCN11:PS157",1,0,0,0,0.00103052323913747,0,NA
"Dom:Num:AR:DI:C0:MCT4:MCN21",1,1,9,0,0.000579491166213279,0,0
"Dom:Num:AR:SB:C2:MCT3:MCN3:SB015",1,0,0,0,0.000572215119538978,0,NA
"Dom:Num:GE:PS:C1:MCT2:MCN16",1,1,16,0,0.000604814078633046,0,0
"Dom:Num:AR:FC:C1:MCT6",2,2,199,0,0.00143827503218821,0,0.166666666666667
"Dom:Num:AR:AT:C0:MCT2",2,0,0,0,0.00128351030518898,0,1
"Dom:Num:AR:FC:C1:MCT5",2,1,143,0,0.00097310792196735,0,0.333333333333333
"Dom:Num:AR:MO:C0:MCT0:MCN1",1,1,11,0,0.000684064285032656,0,0
"Dom:Num:AR:NS:C1:MCT4",2,2,42,0,0.000949731393389733,0,0
"Dom:Num:AR:NS",1,19,438.833333333333,0,0.000563121354144995,0,0.215789473684211
"Dom:Num:CC:RE:C0:MCT0:MCN1:RE020",1,0,0,0,0.000570212084090253,0,NA
"Dom:Num:AR:DI:C1:MCT5:MCN20:DI038",1,0,0,0,0.000629926793694615,0,NA
"Dom:Num:GE:GI:C1:MCT1:MCN4:GI065",1,0,0,0,0.000556965801084583,0,NA
"Dom:Num:AR:ML:C1:MCT2",3,7,110.333333333333,0,0.000944075561884618,0,0.0888888888888889
"Dom:Num:AR:TI:C4:MCT7",2,1,16.6666666666667,0,0.00112103777823477,0,0.333333333333333
"Dom:Num:AR:CP:C3",3,3,43.7857142857143,0,0.000909355194848736,0,0.333333333333333
"Dom:Num:AR:NS:C6:MCT17",2,1,72,0,0.00121448203123683,0,0
"Dom:Num:AR:NS:C2:MCT6:MCN25",1,5,40,0,0.000630769088102205,0,0
"Dom:Num:AR:TI:C1:MCT1:MCN4:TI035",1,0,0,0,0.000534389296141577,0,NA
"Dom:Num:AR:MS:C1:MCT4:MCN3:MS046",1,0,0,0,0.000558934037806167,0,NA
"Dom:Num:AR:DI:C4:MCT10:MCN8",1,1,12,0,0.00149743591721847,0,0
"Dom:Num:AR:MO:C4:MCT4",2,1,34,0,0.00158108776410754,0,0
"Dom:Num:AR:WT:C2:MCT5:MCN2:WT028",1,0,0,0,0.0016398059781613,0,NA
"Dom:Num:AR:MS:C1:MCT3:MCN4:MS069",1,0,0,0,0.000528808386245087,0,NA
"Dom:Num:AR:TI:C2:MCT2:MCN6:TI059",1,0,0,0,0.000552189532133372,0,NA
"Dom:Num:AR:TI",7,6,816,0,0.000732825928930871,0,0.282051282051282
"Dom:Num:AR:AT:C1:MCT3:MCN2",1,5,40,0,0.000628484978903353,0,0
"Dom:Num:AR:WT:C4:MCT9",4,1,40,0,0.00211859335416779,0,0.3
"Dom:Num:AR:CP:C1:MCT2:MCN2:CP012",1,0,0,0,0.000544634828336998,0,NA
"Dom:Num:AR:SB:C3",2,2,68.0238095238095,0,0.000763938646475245,0,0.333333333333333
"Dom:Num:GE:GI:C1:MCT1:MCN1:GI041",1,0,0,0,0.000551678688634339,0,NA
"Dom:Num:AR:NS:C0:MCT1:MCN3:NS036",1,0,0,0,0.000569404495141033,0,NA
"Dom:Num:AR:MO:C0:MCT0",1,4,72.5666666666667,0,0.000788861236391876,0,0
"Dom:Num:AR:AT:C3:MCT7:MCN6:AT028",1,0,0,0,0.000731600264271095,0,NA
"Dom:Num:AR:NS:C3:MCT8:MCN16:NS089",1,0,0,0,0.000685538619930478,0,NA
"Dom:Num:AR:NS:C0:MCT0:MCN2:NS023",1,0,0,0,0.000614364093787719,0,NA
"Dom:Num:AR:FC:C9",5,5,67.8333333333333,0,0.0009367898205793,0,0.244444444444444
"Dom:Num:AR:MO:C1:MCT1:MCN3:MO006",1,0,0,0,0.000571819724307519,0,NA
"Dom:Num:AR:MS:C1:MCT3:MCN4:MS101",1,0,0,0,0.000528808386245087,0,NA
"Dom:Num:CC:RE:C0:MCT0:MCN1:RE032",1,0,0,0,0.000570212084090253,0,NA
"Dom:Num:GE:PS:C1:MCT2:MCN8:PS078",1,0,0,0,0.000687795261245412,0,NA
"Dom:Num:ST:DH:C0",1,3,210,0,0.00102631513993886,0,0.333333333333333
"Dom:Num:AR:FC:C6:MCT22",2,1,131.5,0,0.00108791250148371,0,0.333333333333333
"Dom:Num:AR:DI:C0:MCT2",2,2,56,0,0.000888625187412524,0,0.333333333333333
"Dom:Num:AR:MO:C0:MCT0:MCN0:MO001",1,0,0,0,0.00109788591457714,0,NA
"Dom:Num:AR:NS:C5:MCT14:MCN10:NS060",1,0,0,0,0.00108769676290338,0,NA
"Dom:Num:GE:GI:C1:MCT1:MCN1:GI052",1,0,0,0,0.000551678688634339,0,NA
"Dom:Num:AR:AT:C0:MCT0:MCN0:AT004",1,0,0,0,0.000608620504952774,0,NA
"Dom:Num:AR:FC:C0:MCT0:MCN0:FC018",1,0,0,0,0.000555868325109727,0,NA
"Dom:Num:AR:NS:C1:MCT3:MCN5:NS053",1,0,0,0,0.000691477983375834,0,NA
"Dom:Num:AR:SB:C4:MCT6:MCN8:SB029",1,0,0,0,0.000741421597271562,0,NA
"Dom:Num:AR:NS:C5:MCT13",3,1,22,0,0.00088061270645348,0,0
"Dom:Num:AR:FC:C0:MCT0:MCN0:FC001",1,0,0,0,0.000555868325109727,0,NA
"Dom:Num:GE:TS:C0:MCT0:MCN3:TS017",1,0,0,0,0.00108460083076211,0,NA
"Dom:Num:AR:NS:C2:MCT6:MCN19",1,1,8,0,0.000630769088102205,0,0
"Dom:Num:AR:DI:C3:MCT9:MCN13",1,1,14,0,0.000820482009765149,0,0
"Dom:Num:GE:TS:C0:MCT0:MCN0:TS004",1,0,0,0,0.00108460083076211,0,NA
"Dom:Num:AR:FC:C7:MCT26:MCN14:FC130",1,0,0,0,0.0016129322619654,0,NA
"Dom:Num:AR:MS:C1:MCT3:MCN4:MS108",1,0,0,0,0.000528808386245087,0,NA
"Dom:Num:GE:PS:C1:MCT2:MCN9:PS082",1,0,0,0,0.000773477255718427,0,NA
"Dom:Num:AR:NS:C0:MCT1:MCN3",1,13,78,0,0.000810178702284065,0,0
"Dom:Num:GE:PS:C0:MCT0:MCN2:PS013",1,0,0,0,0.00110164398069239,0,NA
"Dom:Num:GE:TS:C0:MCT0:MCN1:TS014",1,0,0,0,0.000800516051530749,0,NA
"Dom:Num:AR:FC:C7:MCT26:MCN14",1,1,28,0,0.00129000116431296,0,0
"Dom:Num:AR:NS:C1:MCT3:MCN5:NS052",1,0,0,0,0.000691477983375834,0,NA
"Dom:Num:AR:TI:C2:MCT2:MCN6:TI064",1,0,0,0,0.000552189532133372,0,NA
"Dom:Num:AR:NS:C1:MCT3:MCN4:NS044",1,0,0,0,0.000647716305606721,0,NA
"Dom:Num:GE:GI:C1:MCT1:MCN0:GI040",1,0,0,0,0.000921776560151382,0,NA
"Dom:Num:AR:FC:C2:MCT7:MCN5:FC052",1,0,0,0,0.000609761898722902,0,NA
"Dom:Num:AR:NS:C2:MCT6:MCN25:NS087",1,0,0,0,0.000623662017276757,0,NA
"Dom:Num:AR:NS:C4:MCT11:MCN24:NS085",1,0,0,0,0.000782964801847226,0,NA
"Dom:Num:GE:GI:C1:MCT1:MCN1:GI064",1,0,0,0,0.000551678688634339,0,NA
"Dom:Num:AR:ML:C3:MCT5:MCN5:ML006",1,0,0,0,0.00108948180115506,0,NA
"Dom:Num:GE:PS:C1:MCT2:MCN5:PS065",1,0,0,0,0.00103052323913747,0,NA
"Dom:Num:AR:FC:C1:MCT3:MCN3:FC031",1,0,0,0,0.000861423788894602,0,NA
"Dom:Num:AR:ML:C4:MCT7:MCN12:ML023",1,0,0,0,0.00078985599782475,0,NA
"Dom:Num:AR:NS:C5:MCT15:MCN8:NS058",1,0,0,0,0.00124446812284868,0,NA
"Dom:Num:AR:FC:C1:MCT3:MCN1:FC026",1,0,0,0,0.000602679401448187,0,NA
"Dom:Num:AR:SB:C4:MCT5:MCN7:SB027",1,0,0,0,0.00118589521297098,0,NA
"Dom:Num:AR:ML:C1:MCT2:MCN9",1,1,10,0,0.000631069019099658,0,0
"Dom:Num:AR:SB:C4:MCT6:MCN8:SB031",1,0,0,0,0.000741421597271562,0,NA
"Dom:Num:AR:ML:C0",1,3,25,0,0.000542866398944595,0,0.5
"Dom:Num:AR:TI:C1:MCT1:MCN4:TI025",1,0,0,0,0.000534389296141577,0,NA
"Dom:Num:AR:NS:C1:MCT5:MCN14",1,2,14,0,0.000719192570593215,0,0
"Dom:Num:AR:AT:C7:MCT13",2,1,4.16666666666667,0,0.00298163644020407,0,0
"Dom:Num:AR:CP",7,5,408,0,0.000732825928930871,0,0.348484848484849
"Dom:Num:GE:GI:C1:MCT1:MCN1:GI058",1,0,0,0,0.000551678688634339,0,NA
"Dom:Num:AR:MS:C0:MCT0:MCN0:MS002",1,0,0,0,0.000583745384835123,0,NA
"Dom:Num:AR:WT:C0:MCT1",2,2,50,0,0.000802600847685021,0,0.333333333333333
"Dom:Num:AR:TI:C1:MCT1:MCN4:TI050",1,0,0,0,0.000534389296141577,0,NA
"Dom:Num:AR:TI:C2:MCT2:MCN6:TI058",1,0,0,0,0.000552189532133372,0,NA
"Dom:Num:GE:PS:C0",1,2,77,0,0.000689966744613359,0,0.333333333333333
"Dom:Num:AR:CP:C0:MCT0:MCN8",1,1,11,0,0.000649329464610863,0,0
"Dom:Num:AR:AT:C2:MCT6",3,3,143.142658730159,0,0.00104651495224254,0,0
"Dom:Num:AR:SB:C2:MCT3:MCN3",1,12,120,0,0.000787536666911927,0,0
"Dom:Num:AR:AT:C2:MCT6:MCN5",1,11,121,0,0.000812943842101436,0,0
"Dom:Num:GE:TS:C1:MCT2",2,2,85,0,0.00156749728148349,0,0.166666666666667
"Dom:Num:AR:SB:C7:MCT10",2,1,4.16666666666667,0,0.00255167212747471,0,0
"Dom:Num:AR:DI:C0:MCT4:MCN15",1,1,9,0,0.000579491166213279,0,0
"Dom:Num:GE:PS:C1:MCT2:MCN7:PS067",1,0,0,0,0.000687795261245412,0,NA
"Dom:Num:AR:SB:C4:MCT6:MCN8:SB030",1,0,0,0,0.000741421597271562,0,NA
"Dom:Num:AR:MO:C1:MCT1:MCN3:MO016",1,0,0,0,0.000571819724307519,0,NA
"Dom:Num:AR:MS:C0:MCT0:MCN0:MS006",1,0,0,0,0.000583745384835123,0,NA
"Dom:Num:AR:FC:C1:MCT3:MCN4:FC044",1,0,0,0,0.000688927530596992,0,NA
"Dom:Num:AR:NS:C0:MCT1",2,2,80.5,0,0.00069117042349337,0,0.166666666666667
"Dom:Num:AR:SB:C2:MCT3:MCN3:SB009",1,0,0,0,0.000572215119538978,0,NA
"Dom:Num:AR:MS",7,6,1638,0,0.000732825928930871,0,0.282051282051282
"Dom:Num:AR:CP:C2:MCT5:MCN3:CP016",1,0,0,0,0.00162401894519802,0,NA
"Dom:Num:AR:WT:C1",2,5,221.083333333333,0,0.000749983665854628,0,0.428571428571429
"Dom:Num:AR:CP:C1:MCT2:MCN2:CP014",1,0,0,0,0.000544634828336998,0,NA
"Dom:Num:AR:WT:C2:MCT5:MCN2",1,1,18,0,0.00132161730101401,0,0
"Dom:Num:AR:ML:C0:MCT0:MCN1",1,1,7,0,0.000658857998766124,0,0
"Dom:Num:AR:DI:C10",1,0,0,0,0.000544049023031355,0,NA
"Dom:Num:AR:DI:C0:MCT0:MCN11",1,1,9,0,0.000617327102561616,0,0
"Dom:Num:AR:MS:C1:MCT3:MCN4:MS070",1,0,0,0,0.000528808386245087,0,NA
"Dom:Num:AR:TI:C2:MCT3",2,0,0,0,0.00114273084325409,0,1
"Dom:Num:AR:AT",2,18,279.833333333333,0,0.000588313625251482,0,0.210526315789474
"Dom:Num:GE:GI",3,4,984.5,0,0.000886355982487091,0,0.285714285714286
"Dom:Num:AR:SB:C2:MCT3:MCN3:SB012",1,0,0,0,0.000572215119538978,0,NA
"Dom:Num:AR:AT:C0:MCT0:MCN0:AT005",1,0,0,0,0.000608620504952774,0,NA
"Dom:Num:GE:GI:C0:MCT0",1,4,232.5,0,0.000815963587694986,0,0
"Dom:Num:AR:FC",6,17,890.833333333333,0,0.000697929456124639,0,0.256916996047431
"Dom:Num:AR:DI:C0:MCT0:MCN0:DI002",1,0,0,0,0.000691340618025174,0,NA
"Dom:Num:AR:NS:C0",1,4,150,0,0.000541623543405869,0,0.2
"Dom:Num:AR:DI:C0:MCT4:MCN12:DI017",1,0,0,0,0.000762715017940026,0,NA
"Dom:Num:AR:TI:C5:MCT9:MCN11:TI087",1,0,0,0,0.00143223420557431,0,NA
"Dom:Num:AR:MS:C1:MCT4:MCN3:MS036",1,0,0,0,0.000558934037806167,0,NA
"Dom:Num:AR:FC:C1:MCT3:MCN1:FC020",1,0,0,0,0.000602679401448187,0,NA
"Dom:Num:AR:AT:C0:MCT0:MCN0:AT006",1,0,0,0,0.000608620504952774,0,NA
"Dom:Num:MCN0:MH010",1,0,0,0,0.000567790362329556,0,NA
"Dom:Num:AR:TI:C3:MCT4:MCN8:TI082",1,0,0,0,0.000895567568075768,0,NA
"Dom:Num:AR:MS:C1:MCT4:MCN3:MS047",1,0,0,0,0.000558934037806167,0,NA
"Dom:Num:AR:TI:C0:MCT0:MCN3",1,4,44,0,0.000626936484333774,0,0
"Dom:Num:AR:TI:C2:MCT2:MCN6:TI067",1,0,0,0,0.000552189532133372,0,NA
"Dom:Num:AR:MS:C1:MCT4",2,5,203.666666666667,0,0.000785947198157212,0,0.333333333333333
"Dom:Num:GE:GI:C1:MCT1:MCN4:GI079",1,0,0,0,0.000556965801084583,0,NA
"Dom:Num:AR:FC:C6:MCT21:MCN12:FC111",1,0,0,0,0.000728260256584489,0,NA
"Dom:Num:AR:DI:C8",2,3,29,0,0.000743501032654795,0,0.3
"Dom:Num:AR:WT:C1:MCT2:MCN1:WT013",1,0,0,0,0.000542827644877026,0,NA
"Dom:Num:AR:ML:C1:MCT1:MCN8",1,1,9,0,0.000653604644539028,0,0
"Dom:Num:ST:DH:C0:MCT0:MCN0",1,1,12,0,0.000687965641713487,0,0
"Dom:Num:AR:TI:C2",2,2,266.666666666667,0,0.0008080672108517,0,0.333333333333333
"Dom:Num:AR:MS:C1:MCT4:MCN3:MS040",1,0,0,0,0.000558934037806167,0,NA
"Dom:Num:AR:NS:C0:MCT0:MCN1:NS013",1,0,0,0,0.000545235043325364,0,NA
"Dom:Num:GE:GI:C1",2,1,612.5,0,0.00100431423397349,0,0.333333333333333
"Dom:Num:AR:WT:C1:MCT3",3,6,20.1666666666667,0,0.00108969370293539,0,0.333333333333333
"Dom:Num:ST:DH:C0:MCT1:MCN5:DH284",1,0,0,0,0.000824308367765326,0,NA
"Dom:Num:AR:FC:C1:MCT3:MCN1:FC023",1,0,0,0,0.000602679401448187,0,NA
"Dom:Num:AR:CP:C0:MCT0:MCN7:CP020",1,0,0,0,0.00106836131721862,0,NA
"Dom:Num:AR:NS:C0:MCT2:MCN28:NS109",1,0,0,0,0.000849983996497829,0,NA
"Dom:Num:AR:TI:C1:MCT1:MCN7",1,2,26,0,0.000654939693068266,0,0
"Dom:Num:AR:FC:C0:MCT0:MCN15:FC164",1,0,0,0,0.00110798706445454,0,NA
"Dom:Num:AR:TI:C2:MCT2:MCN6:TI065",1,0,0,0,0.000552189532133372,0,NA
"Dom:Num:AR:NS:C0:MCT0:MCN0:NS001",1,0,0,0,0.00100609537974106,0,NA
"Dom:Num:GE:GI:C1:MCT1:MCN1:GI070",1,0,0,0,0.000551678688634339,0,NA
"Dom:Num:AR:DI:C7",2,3,41.5,0,0.0007039482692592,0,0.3
"Dom:Num:GE:GI:C1:MCT1:MCN1:GI042",1,0,0,0,0.000551678688634339,0,NA
"Dom:Num:AR:AT:C5:MCT10",2,1,12,0,0.00132591464115952,0,0
"Dom:Num:GE:PS:C1",2,2,452.5,0,0.000983202611074037,0,0.333333333333333
"Dom:Num:AR:MO:C2",2,2,44.8333333333333,0,0.000899820146105499,0,0.333333333333333
"Dom:Num:GE:GI:C1:MCT1:MCN0:GI002",1,0,0,0,0.000921776560151382,0,NA
"Dom:Num:CC:RE:C0:MCT0:MCN1:RE028",1,0,0,0,0.000570212084090253,0,NA
"Dom:Num:AR:ML:C3:MCT5:MCN4",1,1,12,0,0.000674177092771384,0,0
"Dom:Num:AR:ML:C3:MCT5",2,5,123.083333333333,0,0.000927916591011771,0,0
"Dom:Num:AR:MS:C1:MCT3:MCN4:MS068",1,0,0,0,0.000528808386245087,0,NA
"Dom:Num:AR:ML:C4:MCT6:MCN15",1,1,13,0,0.000862357323584014,0,0
"Dom:Num:AR:NS:C1:MCT5:MCN30",1,1,7,0,0.000719192570593215,0,0
"Dom:Num:GE:GI:C1:MCT1:MCN4:GI046",1,0,0,0,0.000556965801084583,0,NA
"Dom:Num:AR:WT:C4:MCT8:MCN4:WT030",1,0,0,0,0.00248608155214009,0,NA
"Dom:Num:AR:SB:C2:MCT3:MCN3:SB010",1,0,0,0,0.000572215119538978,0,NA
"Dom:Num:AR:MO:C2:MCT2",2,2,52.8,0,0.00109921529396483,0,0
"Dom:Num:AR:FC:C2:MCT9",2,2,188,0,0.00162010068276101,0,0.333333333333333
"Dom:Num:GE:GI:C1:MCT1:MCN1",1,23,368,0,0.000953753618475293,0,0
"Dom:Num:AR:SB:C5:MCT8",2,1,18.7142857142857,0,0.00130009997086682,0,0
"Dom:Num:AR:TI:C1:MCT1:MCN4:TI034",1,0,0,0,0.000534389296141577,0,NA
"Dom:Num:GE:GI:C1:MCT1:MCN4:GI059",1,0,0,0,0.000556965801084583,0,NA
"Dom:Num:AR:FC:C9:MCT33",2,1,10,0,0.00247265231856592,0,0.666666666666667
"Dom:Num:CC:RE:C0:MCT0:MCN1:RE012",1,0,0,0,0.000570212084090253,0,NA
"Dom:Num:AR:WT:C2",3,3,42.7916666666667,0,0.000877480889049915,0,0.4
"Dom:Num:AR:MS:C4",3,2,105,0,0.00106228178278563,0,0.2
"Dom:Num:AR:MS:C4:MCT10:MCN9",1,1,21,0,0.00137835131552507,0,0
"Dom:Num:AR:ML:C0:MCT0:MCN1:ML002",1,0,0,0,0.00107646057125059,0,NA
"Dom:Num:AR:MS:C2",2,3,50.5333333333333,0,0.000780059124507716,0,0.3
"Dom:Num:AR:AT:C2:MCT6:MCN5:AT017",1,0,0,0,0.00057924966009813,0,NA
"Dom:Num:MCN0:MH004",1,0,0,0,0.000567790362329556,0,NA
"Dom:Num:AR:CP:C1:MCT2:MCN2:CP011",1,0,0,0,0.000544634828336998,0,NA
"Dom:Num:AR:CP:C1:MCT2:MCN2:CP024",1,0,0,0,0.000544634828336998,0,NA
"Dom:Num:AR:TI:C1:MCT1:MCN4:TI023",1,0,0,0,0.000534389296141577,0,NA
"Dom:Num:AR:ML:C6:MCT12",2,1,13,0,0.00125583077892392,0,0.666666666666667
"Dom:Num:AR:CP:C2:MCT4",2,1,2,0,0.000902993157381994,0,0.333333333333333
"Dom:Num:AR:FC:C9:MCT32",2,1,18,0,0.00211407856090359,0,0.666666666666667
"Dom:Num:AR:AT:C2:MCT6:MCN5:AT025",1,0,0,0,0.00057924966009813,0,NA
"Dom:Num:AR:FC:C0:MCT0:MCN0:FC007",1,0,0,0,0.000555868325109727,0,NA
"Dom:Num:AR:TI:C3:MCT4:MCN8:TI081",1,0,0,0,0.000895567568075768,0,NA
"Dom:Num:AR:NS:C0:MCT1:MCN3:NS038",1,0,0,0,0.000569404495141033,0,NA
"Dom:Num:AR:MO:C0:MCT0:MCN0",1,1,11,0,0.000684064285032656,0,0
"Dom:Num:AR:TI:C5:MCT9:MCN11:TI088",1,0,0,0,0.00143223420557431,0,NA
"Dom:Num:AR:DI:C9:MCT20",8,0,0,0,0.00527490008777274,0,0.214285714285714
"Dom:Num:AR:CP:C3:MCT6",2,1,2,0,0.000902993157381994,0,0.333333333333333
"Dom:Num:AR:MS:C1:MCT4:MCN3:MS033",1,0,0,0,0.000558934037806167,0,NA
"Dom:Num:GE:PS:C1:MCT2:MCN15:PS177",1,0,0,0,0.00103052323913747,0,NA
"Dom:Num:AR:AT:C6",2,2,20.0996031746032,0,0.0007810137318801,0,0.333333333333333
"Dom:Num:GE:PS:C0:MCT0",1,4,75.5,0,0.00080966713876006,0,0
"Dom:Num:AR:FC:C7:MCT24:MCN13:FC124",1,0,0,0,0.000704864235853746,0,NA
"Dom:Num:AR:TI:C5:MCT8:MCN10:TI085",1,0,0,0,0.00143223420557431,0,NA
"Dom:Num:AR:NS:C0:MCT2:MCN28",1,2,10,0,0.000784829939290463,0,0
"Dom:Num:AR:TI:C4",2,3,59.3333333333333,0,0.0008080672108517,0,0.3
"Dom:Num:GE:GI:C0:MCT0:MCN3:GI035",1,0,0,0,0.000633701273195759,0,NA
"Dom:Num:AR:CP:C0:MCT0:MCN8:CP021",1,0,0,0,0.00106836131721862,0,NA
"Dom:Num:AR:NS:C0:MCT0:MCN1:NS014",1,0,0,0,0.000545235043325364,0,NA
"Dom:Num:AR:DI:C0:MCT4:MCN21:DI035",1,0,0,0,0.00100899876358067,0,NA
"Dom:Num:GE:GI:C1:MCT1:MCN4:GI053",1,0,0,0,0.000556965801084583,0,NA
"Dom:Num:GE:TS:C0:MCT0:MCN1:TS015",1,0,0,0,0.000800516051530749,0,NA
"Dom:Num:AR:DI:C2:MCT6:MCN17",1,9,126,0,0.000888747733454829,0,0
"Dom:Num:AR:FC:C7:MCT24:MCN13:FC123",1,0,0,0,0.000704864235853746,0,NA
"Dom:Num:AR:AT:C0:MCT0:MCN0:AT001",1,0,0,0,0.000608620504952774,0,NA
"Dom:Num:AR:NS:C0:MCT2",1,2,20,0,0.00063152627527313,0,0
"Dom:Num:AR:AT:C1:MCT3:MCN1:AT008",1,0,0,0,0.000783537388333308,0,NA
"Dom:Num:AR:CP:C4:MCT8:MCN5:CP018",1,0,0,0,0.00247532505269751,0,NA
"Dom:Num:AR:ML:C3",2,2,70.5,0,0.000645439874053512,0,0.333333333333333
"Dom:Num:AR:NS:C1:MCT3:MCN35:NS205",1,0,0,0,0.00104157140552874,0,NA
"Dom:Num:AR:TI:C1:MCT1:MCN4:TI021",1,0,0,0,0.000534389296141577,0,NA
"Dom:Num:AR:DI:C5:MCT11:MCN18:DI030",1,0,0,0,0.00112788329281031,0,NA
"Dom:Num:AR:MS:C4:MCT9:MCN7:MS131",1,0,0,0,0.00161912454232278,0,NA
"Dom:Num:AR:NS:C1:MCT3:MCN6:NS056",1,0,0,0,0.00104157140552874,0,NA
"Dom:Num:AR:CP:C4:MCT9",4,1,40,0,0.00210370546566596,0,0.3
"Dom:Num:AR:ML:C2:MCT4",3,1,22,0,0.00087081586644822,0,0.166666666666667
"Dom:Num:AR:MS:C1:MCT3:MCN4",1,43,602,0,0.000626136352547419,0,0
"Dom:Num:ST:DH:C0:MCT1:MCN2:DH009",1,0,0,0,0.000670369820032354,0,NA
"Dom:Num:AR:SB:C3:MCT4:MCN4:SB019",1,0,0,0,0.000812865669007263,0,NA
"Dom:Num:AR:FC:C7:MCT24:MCN13:FC122",1,0,0,0,0.000704864235853746,0,NA
"Dom:Num:AR:MS:C1:MCT3:MCN4:MS063",1,0,0,0,0.000528808386245087,0,NA
"Dom:Num:GE:PS:C1:MCT2:MCN7:PS068",1,0,0,0,0.000687795261245412,0,NA
"Dom:Num:AR:CP:C1:MCT3",3,4,16.7142857142857,0,0.000918715204612341,0,0.380952380952381
"Dom:Num:AR:ML:C6:MCT13",2,1,12,0,0.00169361221297381,0,0.666666666666667
"Dom:Num:AR:FC:C2:MCT12:MCN7:FC064",1,0,0,0,0.000972774710051919,0,NA
"Dom:Num:GE:GI:C1:MCT1:MCN1:GI043",1,0,0,0,0.000551678688634339,0,NA
"Dom:Num:GE:PS:C1:MCT2:MCN8:PS081",1,0,0,0,0.000687795261245412,0,NA
"Dom:Num:AR:WT:C0:MCT0:MCN6",1,1,11,0,0.000693628862048024,0,0
"Dom:Num:ST:DH:C0:MCT1:MCN1:DH006",1,0,0,0,0.000824308367765326,0,NA
"Dom:Num:GE:GI:C1:MCT1:MCN1:GI204",1,0,0,0,0.000551678688634339,0,NA
"Dom:Num:GE:TS:C0:MCT0:MCN0",1,1,15,0,0.000668434774662037,0,0
"Dom:Num:AR:SB:C0:MCT0:MCN0",1,4,24,0,0.000834212990823301,0,0
"Dom:Num:AR:NS:C0:MCT1:MCN3:NS033",1,0,0,0,0.000569404495141033,0,NA
"Dom:Num:AR:MS:C1:MCT3:MCN4:MS099",1,0,0,0,0.000528808386245087,0,NA
"Dom:Num:AR:FC:C1:MCT6:MCN9:FC082",1,0,0,0,0.000835945751243538,0,NA
"Dom:Num:AR:NS:C0:MCT2:MCN28:NS110",1,0,0,0,0.000849983996497829,0,NA
"Dom:Num:AR:NS:C0:MCT0:MCN1:NS010",1,0,0,0,0.000545235043325364,0,NA
"Dom:Num:CC:RE:C1:MCT1",2,1,34,0,0.00237848955098828,0,0
"Dom:Num:AR:DI:C0:MCT2:MCN1",1,4,44,0,0.000894096976949706,0,0
"Dom:Num:AR:TI:C2:MCT2:MCN6:TI068",1,0,0,0,0.000552189532133372,0,NA
"Dom:Num:AR:DI:C0:MCT4:MCN12",1,2,18,0,0.000579491166213279,0,0
"Dom:Num:AR:NS:C0:MCT0:MCN1:NS020",1,0,0,0,0.000545235043325364,0,NA
"Dom:Num:AR:AT:C6:MCT12",2,1,14.5960317460317,0,0.00246216958145731,0,0
"Dom:Num:AR:FC:C3:MCT13:MCN8:FC076",1,0,0,0,0.00102413448529248,0,NA
"Dom:Num:GE:PS:C1:MCT2:MCN7",1,3,48,0,0.000604814078633046,0,0
"Dom:Num:AR:SB:C6:MCT9",2,1,13.5404761904762,0,0.00195536850355535,0,0
"Dom:Num:AR:DI:C1:MCT5:MCN20:DI034",1,0,0,0,0.000629926793694615,0,NA
"Dom:Num:CC:RE:C0:MCT0:MCN1:RE096",1,0,0,0,0.000570212084090253,0,NA
"Dom:Num:AR:ML:C1:MCT1:MCN8:ML009",1,0,0,0,0.00107199522015756,0,NA
"Dom:Num:AR:TI:C4:MCT6:MCN9:TI083",1,0,0,0,0.000895567568075768,0,NA
"Dom:Num:AR:WT:C1:MCT2:MCN1:WT026",1,0,0,0,0.000542827644877026,0,NA
"Dom:Num:GE:PS:C1:MCT1:MCN3:PS047",1,0,0,0,0.000751568516550539,0,NA
"Dom:Num:AR:MO:C3",2,2,45.2833333333333,0,0.000899820146105499,0,0.333333333333333
"Dom:Num:AR:DI:C4:MCT10:MCN8:DI013",1,0,0,0,0.00178925180193508,0,NA
"Dom:Num:AR:WT:C0:MCT0:MCN0:WT004",1,0,0,0,0.0006006576341195,0,NA
"Dom:Num:AR:NS:C0:MCT0:MCN2:NS004",1,0,0,0,0.000614364093787719,0,NA
"Dom:Num:AR:WT:C3:MCT7:MCN3:WT029",1,0,0,0,0.0016398059781613,0,NA
"Dom:Num:AR:FC:C4:MCT15:MCN10:FC090",1,0,0,0,0.000814014953347282,0,NA
"Dom:Num:AR:MO:C1:MCT1:MCN2:MO004",1,0,0,0,0.000719522262995881,0,NA
"Dom:Num:AR:NS:C3:MCT8:MCN15",1,1,9,0,0.000596849462227397,0,0
"Dom:Num:AR:ML:C3:MCT5:MCN7:ML008",1,0,0,0,0.00108948180115506,0,NA
"Dom:Num:AR:AT:C5:MCT11",2,1,20.9003968253968,0,0.00189859702718693,0,0
"Dom:Num:AR:NS:C1:MCT5:MCN14:NS065",1,0,0,0,0.000822088114801499,0,NA
"Dom:Num:AR:NS:C4:MCT11:MCN24:NS086",1,0,0,0,0.000782964801847226,0,NA
"Dom:Num:GE:TS:C0",1,2,130,0,0.000888722298571065,0,0.333333333333333
"Dom:Num:AR:DI:C4:MCT10",2,1,22,0,0.00115412311166952,0,0
"Dom:Num:AR:ML:C4:MCT7:MCN12",1,2,28,0,0.000643352295353806,0,0
"Dom:Num:AR:NS:C1:MCT4:MCN13:NS063",1,0,0,0,0.0012984883196159,0,NA
"Dom:Num:CC:RE:C0:MCT0:MCN1:RE095",1,0,0,0,0.000570212084090253,0,NA
"Dom:Num:AR:FC:C0:MCT0:MCN0:FC012",1,0,0,0,0.000555868325109727,0,NA
"Dom:Num:AR:AT:C3:MCT7:MCN7:AT031",1,0,0,0,0.000731600264271095,0,NA
"Dom:Num:AR:CP:C2",3,3,43.7857142857143,0,0.000909355194848736,0,0.333333333333333
"Dom:Num:AR:AT:C5",2,3,32.4904761904762,0,0.000835768174703757,0,0.2
"Dom:Num:AR:FC:C2:MCT7:MCN5:FC056",1,0,0,0,0.000609761898722902,0,NA
"Dom:Num:AR:TI:C1:MCT1:MCN4:TI044",1,0,0,0,0.000534389296141577,0,NA
"Dom:Num:AR:FC:C3:MCT13:MCN8",1,3,75,0,0.00179189369291681,0,0
"Dom:Num:AR:TI:C1:MCT1:MCN4:TI029",1,0,0,0,0.000534389296141577,0,NA
"Dom:Num:AR:MS:C4:MCT10:MCN8",1,2,42,0,0.00137835131552507,0,0
"Dom:Num:AR:NS:C4:MCT11:MCN24",1,4,44,0,0.00125427543316632,0,0
"Dom:Num:AR:MS:C1:MCT3:MCN4:MS107",1,0,0,0,0.000528808386245087,0,NA
"Dom:Num:AR:ML:C4:MCT6:MCN15:ML017",1,0,0,0,0.00124943499734579,0,NA
"Dom:Num:AR:MS:C1:MCT3:MCN4:MS090",1,0,0,0,0.000528808386245087,0,NA
"Dom:Num:AR:MS:C1:MCT4:MCN3:MS034",1,0,0,0,0.000558934037806167,0,NA
"Dom:Num:GE:GI:C1:MCT1:MCN1:GI045",1,0,0,0,0.000551678688634339,0,NA
"Dom:Num:AR:DI:C9",2,1,7.33333333333333,0,0.000754707648950213,0,0.333333333333333
"Dom:Num:AR:MS:C1:MCT3:MCN4:MS095",1,0,0,0,0.000528808386245087,0,NA
"Dom:Num:AR:MO:C1:MCT1:MCN2:MO005",1,0,0,0,0.000719522262995881,0,NA
"Dom:Num:AR:TI:C1:MCT1:MCN4:TI047",1,0,0,0,0.000534389296141577,0,NA
"Dom:Num:AR:DI:C5:MCT11:MCN23",1,1,13,0,0.000719355318248148,0,0
"Dom:Num:AR:TI:C0:MCT0:MCN3:TI006",1,0,0,0,0.00064965527522031,0,NA
"Dom:Num:AR:FC:C0:MCT1",2,1,96,0,0.000813105136605718,0,0.666666666666667
"Dom:Num:AR:TI:C2:MCT2:MCN6:TI062",1,0,0,0,0.000552189532133372,0,NA
"Dom:Num:AR:AT:C7",2,2,13.4039682539683,0,0.000876143585096412,0,0.333333333333333
"Dom:Num:AR:ML:C7:MCT15:MCN18:ML020",1,0,0,0,0.000744755441141656,0,NA
"Dom:Num:AR:FC:C1:MCT3:MCN1",1,8,112,0,0.000811747097871104,0,0
"Dom:Num:AR:TI:C1:MCT1:MCN4:TI037",1,0,0,0,0.000534389296141577,0,NA
"Dom:Num:AR:MS:C1",2,4,583.5,0,0.000752051038163731,0,0.266666666666667
"Dom:Num:AR:FC:C1:MCT3:MCN4:FC030",1,0,0,0,0.000688927530596992,0,NA
"Dom:Num:AR:MS:C0:MCT2",2,1,48,0,0.000746380715406859,0,0.333333333333333
"Dom:Num:AR:TI:C0:MCT0:MCN12",1,1,11,0,0.000626936484333774,0,0
"Dom:Num:CC:RE:C0:MCT0:MCN1:RE088",1,0,0,0,0.000570212084090253,0,NA
"Dom:Num:AR:WT:C0:MCT0",1,3,100,0,0.00062540325793638,0,0.166666666666667
"Dom:Num:AR:SB:C2:MCT3:MCN3:SB018",1,0,0,0,0.000572215119538978,0,NA
"Dom:Num:AR:WT:C0:MCT0:MCN6:WT034",1,0,0,0,0.0011060158050402,0,NA
"Dom:Num:AR:NS:C1:MCT3:MCN36:NS206",1,0,0,0,0.00104157140552874,0,NA
"Dom:Num:GE:GI:C1:MCT1:MCN4:GI057",1,0,0,0,0.000556965801084583,0,NA
"Dom:Num:AR:CP:C3:MCT7:MCN4",1,1,18,0,0.00130304432105722,0,0
"Dom:Num:AR:NS:C2:MCT7",2,0,0,0,0.000727269054658006,0,1
"Dom:Num:GE:PS:C1:MCT2:MCN6",1,1,16,0,0.000604814078633046,0,0
"Dom:Num:AR:CP:C0:MCT0:MCN0:CP001",1,0,0,0,0.00106836131721862,0,NA
"Dom:Num:AR:WT:C4:MCT9:MCN5:WT031",1,0,0,0,0.00248608155214009,0,NA
"Dom:Num:AR:ML:C5:MCT8",2,1,6.5,0,0.000768224992336029,0,0.333333333333333
"Dom:Num:AR:FC:C4",2,6,115.833333333333,0,0.000646029771322194,0,0.357142857142857
"Dom:Num:GE:GI:C1:MCT1:MCN4:GI050",1,0,0,0,0.000556965801084583,0,NA
"Dom:Num:AR:NS:C5:MCT14:MCN10",1,1,11,0,0.000672077047769411,0,0
"Dom:Num:AR:NS:C6:MCT17:MCN32:NS202",1,0,0,0,0.000779717242104,0,NA
"Dom:Num:AR:FC:C4:MCT15:MCN10:FC091",1,0,0,0,0.000814014953347282,0,NA
"Dom:Num:AR:MS:C1:MCT3:MCN4:MS064",1,0,0,0,0.000528808386245087,0,NA
"Dom:Num:AR:WT:C0:MCT0:MCN0:WT006",1,0,0,0,0.0006006576341195,0,NA
"Dom:Num:AR:NS:C2:MCT6:MCN19:NS073",1,0,0,0,0.00105258499718626,0,NA
"Dom:Num:AR:WT:C1:MCT2:MCN1:WT025",1,0,0,0,0.000542827644877026,0,NA
"Dom:Num:GE:GI:C0:MCT0:MCN2:GI006",1,0,0,0,0.000614156273046363,0,NA
"Dom:Num:AR:SB:C3:MCT4:MCN6:SB025",1,0,0,0,0.000714054203437969,0,NA
"Dom:Num:AR:DI:C0:MCT0:MCN0",1,3,27,0,0.000617327102561616,0,0
"Dom:Num:GE:GI:C0:MCT0:MCN5",1,2,28,0,0.000689823534684567,0,0
"Dom:Num:AR:MS:C4:MCT9:MCN7",1,2,42,0,0.00259457240005505,0,0
"Dom:Num:AR:MO:C0:MCT0:MCN6:MO022",1,0,0,0,0.00109788591457714,0,NA
"Dom:Num:AR:FC:C2:MCT12",2,2,82.5,0,0.0013113364541193,0,0.166666666666667
"Dom:Num:CC:RE:C0:MCT0:MCN1:RE094",1,0,0,0,0.000570212084090253,0,NA
"Dom:Num:CC",1,1,23,0,0.000604224588590278,0,0
"Dom:Num:AR:FC:C2:MCT9:MCN6:FC055",1,0,0,0,0.000857840590000013,0,NA
"Dom:Num:AR:NS:C0:MCT1:MCN3:NS035",1,0,0,0,0.000569404495141033,0,NA
"Dom:Num:AR:WT:C1:MCT2:MCN1:WT014",1,0,0,0,0.000542827644877026,0,NA
"Dom:Num:AR:AT:C4",3,3,48.7146825396825,0,0.00102901914937549,0,0.2
"Dom:Num:ST:DH:C0:MCT1:MCN2:DH008",1,0,0,0,0.000670369820032354,0,NA
"Dom:Num:AR:AT:C0:MCT1",2,1,1,0,0.000766392733784738,0,0.666666666666667
"Dom:Num:AR:FC:C0:MCT0:MCN0:FC010",1,0,0,0,0.000555868325109727,0,NA
"Dom:Num:AR:SB:C4:MCT5:MCN9",1,1,14,0,0.00078760463608423,0,0
"Dom:Num:AR:SB:C2:MCT2",2,1,18,0,0.000956842569220744,0,0
"Dom:Num:AR:NS:C5:MCT14",2,4,106.5,0,0.000732450708094252,0,0.0666666666666667
"Dom:Num:AR:MS:C1:MCT3:MCN4:MS066",1,0,0,0,0.000528808386245087,0,NA
"Dom:Num:AR:FC:C1:MCT3:MCN4:FC045",1,0,0,0,0.000688927530596992,0,NA
"Dom:Num:AR:NS:C5:MCT16:MCN21:NS078",1,0,0,0,0.000727592084690008,0,NA
"Dom:Num:AR:MS:C1:MCT4:MCN3:MS038",1,0,0,0,0.000558934037806167,0,NA
"Dom:Num:AR:MS:C2:MCT6",4,1,6,0,0.00133589187911408,0,0.4
"Dom:Num:AR:NS:C3:MCT8:MCN17:NS070",1,0,0,0,0.00102375331519267,0,NA
"Dom:Num:GE:GI:C1:MCT1:MCN1:GI054",1,0,0,0,0.000551678688634339,0,NA
"Dom:Num:AR:FC:C0:MCT0:MCN0:FC006",1,0,0,0,0.000555868325109727,0,NA
"Dom:Num:AR:SB:C0:MCT0:MCN0:SB003",1,0,0,0,0.000693701532849334,0,NA
"Dom:Num:AR:ML:C3:MCT5:MCN7",1,1,12,0,0.000674177092771384,0,0
"Dom:Num:AR:WT:C1:MCT2:MCN1:WT011",1,0,0,0,0.000542827644877026,0,NA
"Dom:Num:AR:TI:C1:MCT1:MCN4:TI046",1,0,0,0,0.000534389296141577,0,NA
"Dom:Num:AR:TI:C1:MCT1:MCN4:TI033",1,0,0,0,0.000534389296141577,0,NA
"Dom:Num:MCN0:MH008",1,0,0,0,0.000567790362329556,0,NA
"Dom:Num:AR:DI:C0:MCT0:MCN5:DI010",1,0,0,0,0.00104115930947676,0,NA
"Dom:Num:AR:FC:C9:MCT31",2,1,24,0,0.00169222708130086,0,0.666666666666667
"Dom:Num:GE:GI:C1:MCT1:MCN4:GI203",1,0,0,0,0.000556965801084583,0,NA
"Dom:Num:AR:SB:C4:MCT6:MCN8:SB028",1,0,0,0,0.000741421597271562,0,NA
"Dom:Num:GE:GI:C1:MCT1:MCN4",1,20,320,0,0.000953753618475293,0,0
"Dom:Num:AR:ML:C3:MCT5:MCN6",1,1,12,0,0.000674177092771384,0,0
"Dom:Num:AR:CP:C1:MCT2:MCN2:CP015",1,0,0,0,0.000544634828336998,0,NA
"Dom:Num:GE:PS:C1:MCT1:MCN4:PS032",1,0,0,0,0.00122184300505285,0,NA
"Dom:Num:AR:SB:C0:MCT0:MCN0:SB002",1,0,0,0,0.000693701532849334,0,NA
"Dom:Num:AR:NS:C3:MCT10",3,1,20,0,0.000925813121742431,0,0.333333333333333
"Dom:Num:AR:TI:C1:MCT1:MCN4:TI038",1,0,0,0,0.000534389296141577,0,NA
"Dom:Num:AR:ML:C4:MCT6",2,2,78,0,0.000813943650081486,0,0.166666666666667
"Dom:Num:AR:TI:C1:MCT1:MCN4:TI026",1,0,0,0,0.000534389296141577,0,NA
"Dom:Num:AR:AT:C3:MCT7:MCN6:AT026",1,0,0,0,0.000731600264271095,0,NA
"Dom:Num:AR:NS:C6:MCT17:MCN32:NS119",1,0,0,0,0.000779717242104,0,NA
"Dom:Num:AR:TI:C2:MCT2:MCN5:TI055",1,0,0,0,0.000686283006510833,0,NA
"Dom:Num:GE:GI:C0:MCT0:MCN2:GI032",1,0,0,0,0.000614156273046363,0,NA
"Dom:Num:AR:AT:C1:MCT3:MCN1",1,2,16,0,0.000628484978903353,0,0
"Dom:Num:AR:NS:C0:MCT2:MCN20:NS074",1,0,0,0,0.00118353672069628,0,NA
"Dom:Num:AR:NS:C3:MCT8:MCN18",1,1,9,0,0.000596849462227397,0,0
"Dom:Num:GE:PS:C0:MCT0:MCN1",1,1,13,0,0.000688485539285895,0,0
"Dom:Num:AR:FC:C1:MCT3:MCN4",1,4,56,0,0.000811747097871104,0,0
"Dom:Num:AR:MS:C0:MCT1:MCN2:MS024",1,0,0,0,0.000591058595545082,0,NA
"Dom:Num:GE:GI:C1:MCT1:MCN1:GI078",1,0,0,0,0.000551678688634339,0,NA
"Dom:Num:CC:RE:C0:MCT0:MCN1:RE087",1,0,0,0,0.000570212084090253,0,NA
"Dom:Num:GE:TS:C1:MCT2:MCN6",1,1,18,0,0.00118261761692987,0,0
"Dom:Num:AR:ML:C2:MCT4:MCN3",1,1,12,0,0.00125662475878037,0,0
"Dom:Num:AR:SB:C4:MCT5:MCN7",1,1,14,0,0.00078760463608423,0,0
"Dom:Num:AR:CP:C1:MCT2:MCN2:CP008",1,0,0,0,0.000544634828336998,0,NA
"Dom:Num:AR:TI:C2:MCT2:MCN6:TI063",1,0,0,0,0.000552189532133372,0,NA
"Dom:Num:AR:MO:C4:MCT4:MCN4",1,1,18,0,0.00186035587179079,0,0
"Dom:Num:GE:PS:C1:MCT1:MCN4",1,1,15,0,0.000829896156180552,0,0
"Dom:Num:AR:TI:C5:MCT9",2,1,54,0,0.00192752842227734,0,0
"Dom:Num:AR:ML:C4:MCT7:MCN16",1,1,14,0,0.000643352295353806,0,0
"Dom:Num:AR:MO:C1:MCT1:MCN2",1,3,39,0,0.000716791731869994,0,0
"Dom:Num:AR:MS:C0:MCT0:MCN0",1,10,110,0,0.000791930735714589,0,0
"Dom:Num:AR:MS:C0:MCT0:MCN0:MS010",1,0,0,0,0.000583745384835123,0,NA
"Dom:Num:AR:FC:C0:MCT0:MCN0:FC013",1,0,0,0,0.000555868325109727,0,NA
"Dom:Num:GE:GI:C1:MCT1:MCN1:GI076",1,0,0,0,0.000551678688634339,0,NA
"Dom:Num:AR:MS:C1:MCT3:MCN4:MS071",1,0,0,0,0.000528808386245087,0,NA
"Dom:Num:AR:CP:C1:MCT2:MCN2",1,19,266,0,0.000630432429076097,0,0
"Dom:Num:AR:MS:C1:MCT4:MCN3:MS043",1,0,0,0,0.000558934037806167,0,NA
"Dom:Num:AR:FC:C2",2,7,223,0,0.000646029771322194,0,0.166666666666667
"Dom:Num:AR:MS:C0:MCT0:MCN0:MS009",1,0,0,0,0.000583745384835123,0,NA
"Dom:Num:AR:TI:C1",2,4,379.666666666667,0,0.00088385379742954,0,0.266666666666667
"Dom:Num:GE:GI:C1:MCT1:MCN4:GI077",1,0,0,0,0.000556965801084583,0,NA
"Dom:Num:AR:NS:C5:MCT13:MCN9",1,1,12,0,0.00126495207278484,0,0
"Dom:Num:AR:TI:C3",2,3,59.3333333333333,0,0.0008080672108517,0,0.3
"Dom:Num:GE:PS:C1:MCT2:MCN8",1,3,48,0,0.000604814078633046,0,0
"Dom:Num:AR:DI:C0:MCT0:MCN0:DI001",1,0,0,0,0.000691340618025174,0,NA
"Dom:Num:AR:TI:C0:MCT0:MCN0",1,1,11,0,0.000626936484333774,0,0
"Dom:Num:AR:ML:C4:MCT7:MCN14",1,1,14,0,0.000643352295353806,0,0
"Dom:Num:AR:SB:C1:MCT1:MCN1:SB005",1,0,0,0,0.00114576556544423,0,NA
"Dom:Num:AR:DI:C6:MCT13",2,2,30.6,0,0.0011426259629129,0,0.333333333333333
"Dom:Num:AR:WT:C2:MCT5",4,2,38.875,0,0.00189455536168149,0,0.4
"Dom:Num:AR:NS:C3:MCT8:MCN18:NS071",1,0,0,0,0.00102375331519267,0,NA
"Dom:Num:AR:NS:C1:MCT3:MCN34:NS204",1,0,0,0,0.00104157140552874,0,NA
"Dom:Num:AR:MS:C1:MCT3:MCN4:MS067",1,0,0,0,0.000528808386245087,0,NA
"Dom:Num:GE:GI:C1:MCT1:MCN0",1,2,32,0,0.000953753618475293,0,0
"Dom:Num:AR:ML:C1:MCT1",2,5,63,0,0.000806902189644973,0,0.19047619047619
"Dom:Num:GE:PS:C0:MCT0:MCN1:PS007",1,0,0,0,0.00110164398069239,0,NA
"Dom:Num:AR:CP:C1:MCT2:MCN2:CP006",1,0,0,0,0.000544634828336998,0,NA
"Dom:Num:AR:DI:C3:MCT8:MCN22",1,1,13,0,0.00088157626806043,0,0
"Dom:Num:AR:FC:C7:MCT25",2,1,45,0,0.00142370173856844,0,0.666666666666667
"Dom:Num:AR:DI:C1:MCT5:MCN20",1,5,55,0,0.000667620714089601,0,0
"Dom:Num:AR:DI:C5:MCT11:MCN18",1,1,13,0,0.000719355318248148,0,0
"Dom:Num:AR:SB:C3:MCT4:MCN6:SB023",1,0,0,0,0.000714054203437969,0,NA
"Dom:Num:AR:MS:C1:MCT3:MCN4:MS092",1,0,0,0,0.000528808386245087,0,NA
"Dom:Num:AR:MO:C1:MCT1:MCN2:MO003",1,0,0,0,0.000719522262995881,0,NA
"Dom:Num:GE:GI:C1:MCT1:MCN1:GI049",1,0,0,0,0.000551678688634339,0,NA
"Dom:Num:AR:MO:C0:MCT0:MCN1:MO002",1,0,0,0,0.00109788591457714,0,NA
"Dom:Num:AR:WT:C4:MCT8:MCN4",1,1,21,0,0.00231723562334201,0,0
"Dom:Num:AR:DI:C0:MCT4:MCN4",1,1,9,0,0.000579491166213279,0,0
"Dom:Num:AR:TI:C0:MCT0:MCN3:TI020",1,0,0,0,0.00064965527522031,0,NA
"Dom:Num:AR:TI:C0:MCT0:MCN2:TI004",1,0,0,0,0.000782879278141237,0,NA
"Dom:Num:AR:AT:C1:MCT3",2,6,116.905555555556,0,0.000790967340733908,0,0
"Dom:Num:GE",1,3,142,0,0.000604224588590278,0,0.333333333333333
"Dom:Num:AR:NS:C0:MCT1:MCN3:NS039",1,0,0,0,0.000569404495141033,0,NA
"Dom:Num:GE:GI:C1:MCT1:MCN4:GI055",1,0,0,0,0.000556965801084583,0,NA
"Dom:Num:AR:TI:C1:MCT1:MCN4:TI051",1,0,0,0,0.000534389296141577,0,NA
"Dom:Num:AR:DI:C0:MCT1:MCN9:DI014",1,0,0,0,0.000861340692021359,0,NA
"Dom:Num:AR:NS:C5:MCT16:MCN21:NS076",1,0,0,0,0.000727592084690008,0,NA
"Dom:Num:AR:CP:C1:MCT2:MCN2:CP005",1,0,0,0,0.000544634828336998,0,NA
"Dom:Num:AR:DI:C0:MCT2:MCN1:DI004",1,0,0,0,0.000706426879901195,0,NA
"Dom:Num:AR:WT:C1:MCT2:MCN1:WT017",1,0,0,0,0.000542827644877026,0,NA
"Dom:Num:AR:NS:C1:MCT4:MCN13",1,1,8,0,0.000920067114490019,0,0
"Dom:Num:AR:DI:C0:MCT4:MCN6",1,1,9,0,0.000579491166213279,0,0
"Dom:Num:AR:ML:C8",3,2,11.3,0,0.000793484064932361,0,0.4
"Dom:Num:AR:FC:C7:MCT24:MCN13:FC125",1,0,0,0,0.000704864235853746,0,NA
"Dom:Num:AR:NS:C0:MCT0:MCN2",1,5,25,0,0.000576075420519623,0,0
"Dom:Num:AR:MS:C3:MCT7",2,1,4.8,0,0.000835594708084903,0,0.333333333333333
"Dom:Num:AR:CP:C1",2,4,210.714285714286,0,0.000749983665854628,0,0.4
"Dom:Num:AR:CP:C4",3,2,64.7142857142857,0,0.00115631295729858,0,0.2
"Dom:Num:ST:DH:C0:MCT1:MCN2",1,4,52,0,0.000724416695213984,0,0
"Dom:Num:AR:NS:C2:MCT6:MCN27",1,1,8,0,0.000630769088102205,0,0
"Dom:Num:AR:DI:C5",2,2,63.8333333333333,0,0.00067603758288969,0,0.333333333333333
"Dom:Num:AR:MO",7,5,352,0,0.000732825928930871,0,0.318181818181818
"Dom:Num:AR:AT:C1:MCT4",2,3,39.9055555555556,0,0.000790967340733908,0,0
"Dom:Num:AR:NS:C3:MCT10:MCN26",1,1,11,0,0.00130337242578045,0,0
"Dom:Num:AR:CP:C0:MCT0",1,4,60,0,0.00062540325793638,0,0.1
"Dom:Num:AR:MS:C1:MCT3",2,6,615.666666666667,0,0.000774388801750843,0,0.321428571428571
"Dom:Num:GE:GI:C1:MCT1:MCN4:GI063",1,0,0,0,0.000556965801084583,0,NA
"Dom:Num:GE:GI:C1:MCT1:MCN4:GI048",1,0,0,0,0.000556965801084583,0,NA
"Dom:Num:AR:ML:C2:MCT3:MCN2",1,1,12,0,0.00125662475878037,0,0
"Dom:Num:AR:NS:C5:MCT16:MCN21",1,3,36,0,0.000745273455496325,0,0
"Dom:Num:AR:DI:C0:MCT1",2,2,36,0,0.000694400714157725,0,0.333333333333333
"Dom:Num:AR:ML:C4:MCT7:MCN11:ML012",1,0,0,0,0.00078985599782475,0,NA
"Dom:Num:AR:TI:C0:MCT0:MCN2",1,2,22,0,0.000626936484333774,0,0
"Dom:Num:GE:GI:C0:MCT0:MCN2:GI038",1,0,0,0,0.000614156273046363,0,NA
"Dom:Num:AR:MO:C1:MCT1",2,4,220.883333333333,0,0.000942872750920525,0,0
"Dom:Num:AR:NS:C0:MCT0:MCN1:NS012",1,0,0,0,0.000545235043325364,0,NA
"Dom:Num:AR:MS:C0:MCT0:MCN0:MS004",1,0,0,0,0.000583745384835123,0,NA
"Dom:Num:AR:SB:C0:MCT0",1,2,39.5428571428571,0,0.000747721690644515,0,0
"Dom:Num:AR:FC:C7:MCT23",2,1,134,0,0.00153474360027464,0,0.333333333333333
"Dom:Num:AR:NS:C4:MCT11:MCN24:NS084",1,0,0,0,0.000782964801847226,0,NA
"Dom:Num:AR:NS:C2:MCT6:MCN12",1,1,8,0,0.000630769088102205,0,0
"Dom:Num:AR:NS:C0:MCT0:MCN1:NS002",1,0,0,0,0.000545235043325364,0,NA
"Dom:Num:AR:NS:C1:MCT5",2,3,42,0,0.000715628111625291,0,0
"Dom:Num:AR:NS:C0:MCT0:MCN1:NS003",1,0,0,0,0.000545235043325364,0,NA
"Dom:Num:AR:WT:C1:MCT2:MCN1",1,20,280,0,0.000621091119473968,0,0
"Dom:Num:GE:PS:C1:MCT2:MCN9:PS088",1,0,0,0,0.000773477255718427,0,NA
"Dom:Num:AR:ML:C0:MCT0:MCN0:ML001",1,0,0,0,0.00107646057125059,0,NA
"Dom:Num:AR:ML",2,19,396.833333333333,0,0.000590902830892982,0,0.219047619047619
"Dom:Num:AR:WT:C1:MCT2:MCN1:WT018",1,0,0,0,0.000542827644877026,0,NA
"Dom:Num:AR:WT:C1:MCT2:MCN1:WT009",1,0,0,0,0.000542827644877026,0,NA
"Dom:Num:AR:CP:C1:MCT2",2,6,276.714285714286,0,0.000804714047835627,0,0.285714285714286
"Dom:Num:AR:NS:C5:MCT13:MCN9:NS059",1,0,0,0,0.0015916405341665,0,NA
"Dom:Num:CC:RE:C0:MCT0:MCN1:RE093",1,0,0,0,0.000570212084090253,0,NA
"Dom:Num:AR:MS:C4:MCT10:MCN9:MS151",1,0,0,0,0.00168802989049569,0,NA
"Dom:Num:AR:FC:C7:MCT24:MCN13:FC121",1,0,0,0,0.000704864235853746,0,NA
"Dom:Num:ST:DH:C0:MCT1:MCN3",1,1,13,0,0.000724416695213984,0,0
"Dom:Num:AR:DI:C5:MCT11:MCN19",1,1,13,0,0.000719355318248148,0,0
"Dom:Num:ST:DH:C0:MCT1:MCN2:DH007",1,0,0,0,0.000670369820032354,0,NA
"Dom:Num:AR:TI:C1:MCT1:MCN4:TI049",1,0,0,0,0.000534389296141577,0,NA
"Dom:Num:AR:FC:C6:MCT19",2,1,132,0,0.000791267119078263,0,0.333333333333333
"Dom:Num:AR:AT:C1:MCT3:MCN3",1,1,8,0,0.000628484978903353,0,0
"Dom:Num:AR:SB:C7",2,2,13.4595238095238,0,0.000878065005066542,0,0.333333333333333
"Dom:Num:AR:AT:C1:MCT3:MCN1:AT007",1,0,0,0,0.000783537388333308,0,NA
"Dom:Num:AR:TI:C2:MCT2:MCN6:TI090",1,0,0,0,0.000552189532133372,0,NA
"Dom:Num:GE:PS:C1:MCT2:MCN14",1,1,16,0,0.000604814078633046,0,0
"Dom:Num:AR:ML:C4:MCT7",2,7,185.225,0,0.00104523195456584,0,0.0277777777777778
"Dom:Num:GE:TS:C0:MCT0:MCN1",1,2,30,0,0.000668434774662037,0,0
"Dom:Num:AR:TI:C2:MCT2:MCN5:TI053",1,0,0,0,0.000686283006510833,0,NA
"Dom:Num:AR:TI:C5:MCT8",2,1,54,0,0.00192752842227734,0,0
"Dom:Num:AR:DI:C8:MCT19",2,1,0.333333333333333,0,0.00125854160575269,0,0.666666666666667
"Dom:Num:AR:FC:C5:MCT17:MCN11:FC101",1,0,0,0,0.000895323854672343,0,NA
"Dom:Num:AR:NS:C0:MCT0:MCN1:NS005",1,0,0,0,0.000545235043325364,0,NA
"Dom:Num:AR:AT:C4:MCT8:MCN8",1,1,15,0,0.00108911365832679,0,0
"Dom:Num:MCN0:MH009",1,0,0,0,0.000567790362329556,0,NA
"Dom:Num:AR:AT:C3",2,2,50.2277777777778,0,0.000684432565169106,0,0.333333333333333
"Dom:Num:AR:TI:C1:MCT1:MCN4:TI022",1,0,0,0,0.000534389296141577,0,NA
"Dom:Num:GE:GI:C1:MCT1:MCN4:GI071",1,0,0,0,0.000556965801084583,0,NA
"Dom:Num:AR:FC:C3:MCT14",2,0,0,0,0.00134140330766856,0,0
"Dom:Num:AR:TI:C0:MCT0:MCN1:TI002",1,0,0,0,0.00104932728398309,0,NA
"Dom:Num:CC:RE:C0",1,2,238,0,0.00118011674034066,0,0.333333333333333
"Dom:Num:AR:MS:C1:MCT3:MCN4:MS089",1,0,0,0,0.000528808386245087,0,NA
"Dom:Num:GE:TS:C1:MCT2:MCN5",1,2,36,0,0.00118261761692987,0,0
"Dom:Num:AR:AT:C4:MCT8:MCN8:AT032",1,0,0,0,0.00144217788187715,0,NA
"Dom:Num:AR:DI:C1:MCT5:MCN20:DI033",1,0,0,0,0.000629926793694615,0,NA
"Dom:Num:AR:FC:C2:MCT7",2,2,270,0,0.000851704996356207,0,0
"Dom:Num:AR:WT:C1:MCT2:MCN1:WT008",1,0,0,0,0.000542827644877026,0,NA
"Dom:Num:ST:DH:C0:MCT0:MCN6:DH301",1,0,0,0,0.000711354870784871,0,NA
"Dom:Num:AR:DI:C2:MCT6:MCN17:DI023",1,0,0,0,0.000600368558236783,0,NA
"Dom:Num:AR:MS:C4:MCT10:MCN8:MS150",1,0,0,0,0.00110223058139754,0,NA
"Dom:Num:AR:FC:C0:MCT0:MCN0:FC002",1,0,0,0,0.000555868325109727,0,NA
"Dom:Num:AR:DI:C0:MCT2:MCN1:DI006",1,0,0,0,0.000706426879901195,0,NA
"Dom:Num:AR:AT:C2:MCT6:MCN5:AT015",1,0,0,0,0.00057924966009813,0,NA
"Dom:Num:AR:MO:C3:MCT3",2,2,56.4,0,0.00109921529396483,0,0
"Dom:Num:AR:DI:C2:MCT6:MCN17:DI026",1,0,0,0,0.000600368558236783,0,NA
"Dom:Num:AR:FC:C6:MCT21:MCN12",1,4,84,0,0.000996842278988735,0,0
"Dom:Num:AR:MS:C0",1,4,252,0,0.000620248278897923,0,0.3
"Dom:Num:AR:NS:C0:MCT0:MCN1:NS043",1,0,0,0,0.000545235043325364,0,NA
"Dom:Num:GE:GI:C0:MCT0:MCN3:GI033",1,0,0,0,0.000633701273195759,0,NA
"Dom:Num:AR:MS:C0:MCT1:MCN2:MS021",1,0,0,0,0.000591058595545082,0,NA
"Dom:Num:AR:TI:C0:MCT0",1,6,169.333333333333,0,0.000780036790831,0,0
"Dom:Num:AR:NS:C1:MCT3:MCN4:NS045",1,0,0,0,0.000647716305606721,0,NA
"Dom:Num:AR:AT:C2",2,3,81.9611111111111,0,0.000684432565169106,0,0.2
"Dom:Num:AR:FC:C1:MCT3:MCN1:FC024",1,0,0,0,0.000602679401448187,0,NA
"Dom:Num:AR:TI:C5:MCT9:MCN11",1,2,38,0,0.00215483043123512,0,0
"Dom:Num:AR:WT:C3:MCT6",3,1,0,0,0.00102408397928729,0,0.666666666666667
"Dom:Num:GE:GI:C1:MCT1:MCN4:GI069",1,0,0,0,0.000556965801084583,0,NA
"Dom:Num:AR:NS:C5:MCT15:MCN8",1,1,10,0,0.000856513941822705,0,0
"Dom:Num",0,5,0,0.193398573561121,0.000516431272299383,0,0
"Dom:Num:AR:ML:C7",2,2,45.4166666666667,0,0.000817178345417338,0,0.333333333333333
"Dom:Num:AR:AT:C0:MCT0:MCN0",1,6,36,0,0.000650747524612172,0,0
"Dom:Num:AR:TI:C2:MCT2",2,3,352,0,0.000998368257680239,0,0.1
"Dom:Num:AR:DI:C0:MCT0:MCN0:DI037",1,0,0,0,0.000691340618025174,0,NA
"Dom:Num:AR:SB:C2:MCT3:MCN3:SB016",1,0,0,0,0.000572215119538978,0,NA
"Dom:Num:AR:SB:C2:MCT3:MCN3:SB013",1,0,0,0,0.000572215119538978,0,NA
"Dom:Num:GE:TS",2,2,288,0,0.000875978885345135,0,0.333333333333333
"Dom:Num:AR:TI:C3:MCT4:MCN8",1,2,30,0,0.000892085401826788,0,0
"Dom:Num:AR:SB:C4:MCT6:MCN8",1,4,56,0,0.00105877799986908,0,0
"Dom:Num:AR:DI:C3:MCT9",2,3,78,0,0.00107312024987918,0,0.1
"Dom:Num:AR:ML:C1",2,4,51.8166666666667,0,0.00069667854531223,0,0.4
"Dom:Num:AR:NS:C3:MCT8:MCN16",1,3,27,0,0.000596849462227397,0,0
"Dom:Num:AR:NS:C1:MCT3:MCN5:NS051",1,0,0,0,0.000691477983375834,0,NA
"Dom:Num:AR:TI:C2:MCT2:MCN6:TI061",1,0,0,0,0.000552189532133372,0,NA
"Dom:Num:GE:PS",3,4,1068.5,0,0.000816637516771655,0,0.285714285714286
"Dom:Num:AR:MO:C3:MCT3:MCN8",1,2,30,0,0.000983597772234436,0,0
"Dom:Num:AR:AT:C2:MCT6:MCN5:AT018",1,0,0,0,0.00057924966009813,0,NA
"Dom:Num:AR:MS:C0:MCT2:MCN1:MS020",1,0,0,0,0.000842506821744693,0,NA
"Dom:Num:AR:DI:C1",2,4,90.25,0,0.000621122634627463,0,0.266666666666667
"Dom:Num:AR:MS:C4:MCT10:MCN8:MS141",1,0,0,0,0.00110223058139754,0,NA
"Dom:Num:AR:NS:C4:MCT11",2,1,50,0,0.000868051953961107,0,0
"Dom:Num:AR:MO:C1:MCT1:MCN3:MO011",1,0,0,0,0.000571819724307519,0,NA
"Dom:Num:AR:TI:C2:MCT2:MCN6:TI071",1,0,0,0,0.000552189532133372,0,NA
"Dom:Num:AR:NS:C1:MCT3",2,6,102,0,0.000715628111625291,0,0
"Dom:Num:AR:SB:C8:MCT11",4,0,0,0,0.00461089538022796,0,0.166666666666667
"Dom:Num:GE:TS:C0:MCT0:MCN3",1,1,15,0,0.000668434774662037,0,0
"Dom:Num:AR:FC:C2:MCT9:MCN6",1,3,63,0,0.00120497406247281,0,0
"Dom:Num:AR:DI:C5:MCT11:MCN19:DI031",1,0,0,0,0.00112788329281031,0,NA
"Dom:Num:AR:MS:C1:MCT3:MCN4:MS093",1,0,0,0,0.000528808386245087,0,NA
"Dom:Num:AR:NS:C2",2,6,132,0,0.000681176234511538,0,0.214285714285714
"Dom:Num:AR:MS:C1:MCT4:MCN3:MS029",1,0,0,0,0.000558934037806167,0,NA
"Dom:Num:AR:TI:C5:MCT8:MCN10",1,2,38,0,0.00215483043123512,0,0
"Dom:Num:AR:TI:C1:MCT1:MCN4:TI027",1,0,0,0,0.000534389296141577,0,NA
"Dom:Num:AR:NS:C1:MCT3:MCN4:NS046",1,0,0,0,0.000647716305606721,0,NA
"Dom:Num:AR:NS:C3:MCT8:MCN16:NS090",1,0,0,0,0.000685538619930478,0,NA
"Dom:Num:AR:FC:C1:MCT6:MCN9",1,3,57,0,0.00112769816097937,0,0
"Dom:Num:GE:PS:C1:MCT1:MCN3",1,3,45,0,0.000829896156180552,0,0
"Dom:Num:AR:FC:C1:MCT3:MCN3:FC038",1,0,0,0,0.000861423788894602,0,NA
"Dom:Num:AR:TI:C1:MCT1:MCN4:TI042",1,0,0,0,0.000534389296141577,0,NA
"Dom:Num:AR:WT:C1:MCT2:MCN1:WT021",1,0,0,0,0.000542827644877026,0,NA
"Dom:Num:AR:FC:C0:MCT2",2,1,200,0,0.00132472778424919,0,0.333333333333333
"Dom:Num:GE:PS:C1:MCT2:MCN6:PS066",1,0,0,0,0.00103052323913747,0,NA
"Dom:Num:AR:NS:C5:MCT16:MCN23:NS081",1,0,0,0,0.000833172490885321,0,NA
"Dom:Num:AR:DI:C5:MCT12",2,0,0,0,0.00100667129097627,0,1
"Dom:Num:AR:MS:C1:MCT3:MCN4:MS085",1,0,0,0,0.000528808386245087,0,NA
"Dom:Num:AR:ML:C6:MCT14",2,2,10.725,0,0.00206572643191622,0,0.333333333333333
"Dom:Num:AR:FC:C1:MCT3",2,5,472,0,0.00173715191512777,0,0.0476190476190476
"Dom:Num:GE:TS:C1:MCT2:MCN6:TS067",1,0,0,0,0.00152165624668977,0,NA
"Dom:Num:AR:DI:C7:MCT16",2,2,21.5,0,0.00121320034839011,0,0.5
"Dom:Num:AR:AT:C3:MCT7:MCN6:AT027",1,0,0,0,0.000731600264271095,0,NA
"Dom:Num:AR:NS:C0:MCT0:MCN1:NS040",1,0,0,0,0.000545235043325364,0,NA
"Dom:Num:CC:RE:C0:MCT0:MCN1:RE004",1,0,0,0,0.000570212084090253,0,NA
"Dom:Num:AR:MS:C1:MCT4:MCN3:MS042",1,0,0,0,0.000558934037806167,0,NA
"Dom:Num:AR:SB:C2:MCT3:MCN3:SB007",1,0,0,0,0.000572215119538978,0,NA
"Dom:Num:AR:WT:C1:MCT2:MCN1:WT022",1,0,0,0,0.000542827644877026,0,NA
"Dom:Num:AR:FC:C4:MCT15",2,4,201.166666666667,0,0.00086477940839487,0,0.133333333333333
"Dom:Num:AR:MS:C3:MCT8",4,2,60,0,0.00169101963005016,0,0.266666666666667
"Dom:Num:AR:DI:C2:MCT6:MCN17:DI024",1,0,0,0,0.000600368558236783,0,NA
"Dom:Num:AR:AT:C2:MCT6:MCN5:AT021",1,0,0,0,0.00057924966009813,0,NA
"Dom:Num:AR:DI:C1:MCT5:MCN20:DI039",1,0,0,0,0.000629926793694615,0,NA
"Dom:Num:AR:NS:C0:MCT0:MCN1:NS019",1,0,0,0,0.000545235043325364,0,NA
"Dom:Num:AR:CP:C0:MCT0:MCN7",1,1,11,0,0.000649329464610863,0,0
"Dom:Num:AR:MS:C0:MCT0:MCN0:MS003",1,0,0,0,0.000583745384835123,0,NA
"Dom:Num:AR:MS:C3:MCT8:MCN6:MS130",1,0,0,0,0.00104135498370443,0,NA
"Dom:Num:AR:DI:C3:MCT8",2,2,38,0,0.000859164695908346,0,0.166666666666667
"Dom:Num:AR:TI:C2:MCT2:MCN6:TI070",1,0,0,0,0.000552189532133372,0,NA
"Dom:Num:AR:FC:C9:MCT34",2,0,0,0,0.00277744001257889,0,1
"Dom:Num:AR:MS:C1:MCT3:MCN4:MS105",1,0,0,0,0.000528808386245087,0,NA
"Dom:Num:AR:WT:C1:MCT2:MCN1:WT015",1,0,0,0,0.000542827644877026,0,NA
"Dom:Num:AR:NS:C2:MCT6:MCN25:NS118",1,0,0,0,0.000623662017276757,0,NA
"Dom:Num:AR:TI:C1:MCT1:MCN4:TI028",1,0,0,0,0.000534389296141577,0,NA
"Dom:Num:AR:AT:C8",2,1,4.83333333333333,0,0.000916573772713344,0,0.333333333333333
"Dom:Num:AR:AT:C0:MCT0:MCN0:AT003",1,0,0,0,0.000608620504952774,0,NA
"Dom:Num:AR:MS:C1:MCT3:MCN4:MS061",1,0,0,0,0.000528808386245087,0,NA
"Dom:Num:MCN0:MH006",1,0,0,0,0.000567790362329556,0,NA
"Dom:Num:AR:FC:C2:MCT7:MCN5:FC059",1,0,0,0,0.000609761898722902,0,NA
"Dom:Num:AR:MO:C4",3,2,79.8,0,0.0014058588044073,0,0.2
"Dom:Num:CC:RE",9,2,286,0,0.00156161286597948,0,0.254545454545455
"Dom:Num:AR:WT:C1:MCT2:MCN1:WT024",1,0,0,0,0.000542827644877026,0,NA
"Dom:Num:AR:MO:C1:MCT1:MCN3:MO012",1,0,0,0,0.000571819724307519,0,NA
"Dom:Num:ST:DH:C1:MCT2:MCN4:DH410",1,0,0,0,0.000952653401152713,0,NA
"Dom:Num:AR:MS:C3:MCT8:MCN6",1,2,36,0,0.0012351146150707,0,0
"Dom:Num:AR:ML:C4:MCT7:MCN11",1,2,28,0,0.000643352295353806,0,0
"Dom:Num:GE:GI:C1:MCT1:MCN4:GI044",1,0,0,0,0.000556965801084583,0,NA
"Dom:Num:AR:MS:C1:MCT3:MCN4:MS096",1,0,0,0,0.000528808386245087,0,NA
"Dom:Num:AR:CP:C1:MCT2:MCN2:CP009",1,0,0,0,0.000544634828336998,0,NA
"Dom:Num:CC:RE:C0:MCT0",1,2,241.5,0,0.00101798088694416,0,0
"Dom:Num:AR:MS:C0:MCT2:MCN1:MS044",1,0,0,0,0.000842506821744693,0,NA
"Dom:Num:AR:MS:C0:MCT0:MCN0:MS007",1,0,0,0,0.000583745384835123,0,NA
"Dom:Num:AR:TI:C1:MCT1:MCN4:TI036",1,0,0,0,0.000534389296141577,0,NA
"Dom:Num:AR:NS:C5:MCT16",2,3,99,0,0.000807678293636266,0,0.1
"Dom:Num:AR:DI:C2:MCT6:MCN17:DI041",1,0,0,0,0.000600368558236783,0,NA
"Dom:Num:AR:FC:C1:MCT3:MCN4:FC046",1,0,0,0,0.000688927530596992,0,NA
"Dom:Num:AR:FC:C2:MCT7:MCN5:FC050",1,0,0,0,0.000609761898722902,0,NA
"Dom:Num:AR:MS:C1:MCT3:MCN4:MS084",1,0,0,0,0.000528808386245087,0,NA
"Dom:Num:AR:MS:C1:MCT4:MCN3:MS031",1,0,0,0,0.000558934037806167,0,NA
"Dom:Num:AR:WT:C3:MCT7:MCN3",1,1,18,0,0.00132161730101401,0,0
"Dom:Num:GE:PS:C0:MCT0:MCN0",1,1,13,0,0.000688485539285895,0,0
"Dom:Num:AR:MO:C3:MCT3:MCN8:MO032",1,0,0,0,0.000934460325499018,0,NA
"Dom:Num:AR:DI:C0:MCT4:MCN15:DI021",1,0,0,0,0.00100899876358067,0,NA
"Dom:Num:AR:NS:C0:MCT0:MCN33",1,1,5,0,0.000576075420519623,0,0
"Dom:Num:AR:NS:C6",2,1,38.5,0,0.000638123509961671,0,0.333333333333333
"Dom:Num:AR:TI:C1:MCT1:MCN4:TI045",1,0,0,0,0.000534389296141577,0,NA
"Dom:Num:GE:PS:C1:MCT2:MCN12:PS162",1,0,0,0,0.00103052323913747,0,NA
"Dom:Num:AR:MS:C2:MCT5",2,2,43.2,0,0.000835594708084903,0,0.166666666666667
"Dom:Num:AR:FC:C1:MCT3:MCN3",1,2,28,0,0.000811747097871104,0,0
"Dom:Num:AR:ML:C7:MCT15:MCN18:ML021",1,0,0,0,0.000744755441141656,0,NA
"Dom:Num:GE:GI:C0:MCT0:MCN3",1,5,70,0,0.000689823534684567,0,0
"Dom:Num:AR:CP:C0:MCT1:MCN1",1,1,12,0,0.000645342518841519,0,0
"Dom:Num:AR:DI:C3:MCT9:MCN7",1,1,14,0,0.000820482009765149,0,0
"Dom:Num:AR:FC:C0:MCT0:MCN0:FC003",1,0,0,0,0.000555868325109727,0,NA
"Dom:Num:AR:TI:C4:MCT6:MCN9",1,2,30,0,0.000892085401826788,0,0
"Dom:Num:AR:AT:C1:MCT3:MCN2:AT013",1,0,0,0,0.000623273718712953,0,NA
"Dom:Num:AR:ML:C4",2,3,132.4,0,0.000645439874053512,0,0.3
"Dom:Num:AR:MS:C2:MCT5:MCN5",1,2,30,0,0.000871559023235466,0,0
"Dom:Num:AR:MS:C4:MCT9:MCN7:MS140",1,0,0,0,0.00161912454232278,0,NA
"Dom:Num:AR:DI:C0:MCT4:MCN6:DI011",1,0,0,0,0.00100899876358067,0,NA
"Dom:Num:AR:AT:C2:MCT6:MCN5:AT024",1,0,0,0,0.00057924966009813,0,NA
"Dom:Num:AR:TI:C1:MCT1:MCN4:TI032",1,0,0,0,0.000534389296141577,0,NA
"Dom:Num:AR:NS:C3:MCT10:MCN26:NS094",1,0,0,0,0.00162429783421276,0,NA
"Dom:Num:CC:RE:C0:MCT0:MCN1:RE036",1,0,0,0,0.000570212084090253,0,NA
"Dom:Num:AR:FC:C2:MCT7:MCN5",1,8,136,0,0.000878405895750771,0,0
"Dom:Num:AR:TI:C5",3,2,94.6666666666667,0,0.00107815303171389,0,0.2
"Dom:Num:AR:DI:C2:MCT6",2,2,156.866666666667,0,0.000876038732130462,0,0.166666666666667
"Dom:Num:AR:SB:C5",2,3,31.5119047619048,0,0.000851724603521447,0,0.2
"Dom:Num:GE:GI:C1:MCT1:MCN4:GI067",1,0,0,0,0.000556965801084583,0,NA
"Dom:Num:AR:DI:C0:MCT4",1,8,120.75,0,0.000593504883895491,0,0
"Dom:Num:CC:RE:C1:MCT1:MCN0",1,1,18,0,0.00253814739063942,0,0
"Dom:Num:ST:DH:C1:MCT2:MCN4",1,4,56,0,0.00205281001813332,0,0
"Dom:Num:AR:NS:C0:MCT1:MCN3:NS029",1,0,0,0,0.000569404495141033,0,NA
"Dom:Num:ST:DH:C0:MCT1:MCN5",1,2,26,0,0.000724416695213984,0,0
"Dom:Num:AR:NS:C1",2,4,136.5,0,0.000656718546379617,0,0.133333333333333
"Dom:Num:AR:FC:C2:MCT7:MCN5:FC058",1,0,0,0,0.000609761898722902,0,NA
"Dom:Num:AR:ML:C4:MCT7:MCN16:ML018",1,0,0,0,0.00106328072335012,0,NA
"Dom:Num:GE:PS:C0:MCT0:MCN0:PS001",1,0,0,0,0.00110164398069239,0,NA
"Dom:Num:AR:MO:C2:MCT2:MCN7",1,2,30,0,0.000983597772234436,0,0
"Dom:Num:AR:FC:C7:MCT24",2,2,227,0,0.00191455003424693,0,0.333333333333333
"Dom:Num:AR:DI:C5:MCT11:MCN23:DI043",1,0,0,0,0.00112788329281031,0,NA
"Dom:Num:AR:ML:C1:MCT2:MCN19",1,1,10,0,0.000631069019099658,0,0
"Dom:Num:GE:GI:C0:MCT0:MCN2:GI030",1,0,0,0,0.000614156273046363,0,NA
"Dom:Num:ST:DH:C0:MCT1:MCN3:DH012",1,0,0,0,0.00113218546323127,0,NA
"Dom:Num:AR:NS:C6:MCT17:MCN32:NS120",1,0,0,0,0.000779717242104,0,NA
"Dom:Num:AR:DI:C6",2,4,61.1833333333333,0,0.000752467041072216,0,0.266666666666667
"Dom:Num:AR:AT:C0:MCT0",1,4,54.1626984126984,0,0.000632076481471949,0,0.1
"Dom:Num:AR:WT:C0:MCT0:MCN0:WT003",1,0,0,0,0.0006006576341195,0,NA
"Dom:Num:AR:TI:C2:MCT2:MCN5:TI052",1,0,0,0,0.000686283006510833,0,NA
"Dom:Num:GE:PS:C1:MCT2:MCN8:PS089",1,0,0,0,0.000687795261245412,0,NA
"Dom:Num:AR:NS:C0:MCT0:MCN33:NS203",1,0,0,0,0.00100609537974106,0,NA
"Dom:Num:AR:AT:C2:MCT6:MCN5:AT023",1,0,0,0,0.00057924966009813,0,NA
"Dom:Num:AR:MS:C0:MCT1",2,8,234.5,0,0.000923733494980398,0,0.0888888888888889
"Dom:Num:GE:GI:C0:MCT0:MCN3:GI037",1,0,0,0,0.000633701273195759,0,NA
"Dom:Num:AR:TI:C1:MCT1:MCN4",1,31,403,0,0.000654939693068266,0,0
"Dom:Num:AR:MS:C1:MCT3:MCN4:MS065",1,0,0,0,0.000528808386245087,0,NA
"Dom:Num:AR:AT:C3:MCT7:MCN7:AT030",1,0,0,0,0.000731600264271095,0,NA
"Dom:Num:AR:SB:C0",1,2,24,0,0.000544212749047369,0,0.333333333333333
"Dom:Num:AR:AT:C4:MCT9",3,1,23.5285714285714,0,0.00134748796712331,0,0
"Dom:Num:AR:TI:C5:MCT8:MCN10:TI086",1,0,0,0,0.00143223420557431,0,NA
"Dom:Num:AR:MS:C0:MCT2:MCN1",1,3,39,0,0.00115085488039521,0,0
"Dom:Num:AR:AT:C1:MCT3:MCN2:AT033",1,0,0,0,0.000623273718712953,0,NA
"Dom:Num:AR:TI:C3:MCT5",2,1,16.6666666666667,0,0.00112103777823477,0,0.333333333333333
"Dom:Num:AR:TI:C1:MCT1:MCN4:TI030",1,0,0,0,0.000534389296141577,0,NA
"Dom:Num:GE:GI:C1:MCT1:MCN1:GI072",1,0,0,0,0.000551678688634339,0,NA
"Dom:Num:GE:GI:C0:MCT0:MCN2:GI036",1,0,0,0,0.000614156273046363,0,NA
"Dom:Num:AR:DI:C0:MCT0:MCN3:DI008",1,0,0,0,0.00104115930947676,0,NA
"Dom:Num:AR:CP:C2:MCT5",4,2,38.9285714285714,0,0.00185085423237139,0,0.266666666666667
"Dom:Num:AR:WT:C0:MCT0:MCN0:WT002",1,0,0,0,0.0006006576341195,0,NA
"Dom:Num:AR:SB:C3:MCT4:MCN5",1,2,20,0,0.000697492698136188,0,0
"Dom:Num:AR:MS:C0:MCT1:MCN2:MS023",1,0,0,0,0.000591058595545082,0,NA
"Dom:Num:AR:FC:C2:MCT7:MCN5:FC057",1,0,0,0,0.000609761898722902,0,NA
"Dom:Num:AR:SB:C2:MCT3:MCN3:SB008",1,0,0,0,0.000572215119538978,0,NA
"Dom:Num:AR:AT:C3:MCT7",3,4,103.142658730159,0,0.00114347623230816,0,0
"Dom:Num:AR:MS:C1:MCT3:MCN4:MS106",1,0,0,0,0.000528808386245087,0,NA
"Dom:Num:AR:ML:C6:MCT11",2,1,12.5,0,0.000740793797688755,0,0.333333333333333
"Dom:Num:GE:TS:C0:MCT0:MCN2:TS016",1,0,0,0,0.00108460083076211,0,NA
"Dom:Num:AR:ML:C3:MCT5:MCN5",1,1,12,0,0.000674177092771384,0,0
"Dom:Num:AR:CP:C0:MCT1:MCN1:CP002",1,0,0,0,0.00106497241331467,0,NA
"Dom:Num:AR:MS:C1:MCT3:MCN4:MS087",1,0,0,0,0.000528808386245087,0,NA
"Dom:Num:AR:NS:C0:MCT1:MCN3:NS034",1,0,0,0,0.000569404495141033,0,NA
"Dom:Num:GE:PS:C1:MCT2:MCN13",1,2,32,0,0.000604814078633046,0,0
"Dom:Num:AR:NS:C0:MCT1:MCN3:NS030",1,0,0,0,0.000569404495141033,0,NA
"Dom:Num:AR:FC:C4:MCT16",2,2,9.33333333333333,0,0.000791717780853937,0,0.333333333333333
"Dom:Num:AR:ML:C7:MCT15:MCN10",1,1,14,0,0.000805850007678612,0,0
"Dom:Num:AR:NS:C1:MCT4:MCN29",1,3,24,0,0.000920067114490019,0,0
"Dom:Num:AR:ML:C4:MCT7:MCN11:ML013",1,0,0,0,0.00078985599782475,0,NA
"Dom:Num:AR:FC:C2:MCT10",2,1,110,0,0.00128342053470479,0,0.666666666666667
"Dom:Num:AR:ML:C4:MCT7:MCN17:ML019",1,0,0,0,0.00106328072335012,0,NA
"Dom:Num:AR:MS:C2:MCT5:MCN5:MS110",1,0,0,0,0.000886843857174456,0,NA
"Dom:Num:ST:DH:C0:MCT0:MCN6",1,3,36,0,0.000687965641713487,0,0
"Dom:Num:AR:ML:C2",3,7,90.2666666666667,0,0.000844722736191079,0,0.2
"Dom:Num:AR:NS:C2:MCT6:MCN25:NS102",1,0,0,0,0.000623662017276757,0,NA
"Dom:Num:GE:GI:C0:MCT0:MCN5:GI191",1,0,0,0,0.000809606274540324,0,NA
"Dom:Num:AR:TI:C4:MCT6",2,2,52,0,0.000883892069476248,0,0.166666666666667
"Dom:Num:AR:CP:C1:MCT2:MCN2:CP027",1,0,0,0,0.000544634828336998,0,NA
"Dom:Num:GE:GI:C0:MCT0:MCN2",1,6,84,0,0.000689823534684567,0,0
"Dom:Num:AR:MS:C1:MCT3:MCN4:MS083",1,0,0,0,0.000528808386245087,0,NA
"Dom:Num:AR:NS:C0:MCT1:MCN3:NS032",1,0,0,0,0.000569404495141033,0,NA
"Dom:Num:AR:ML:C7:MCT15:MCN18:ML022",1,0,0,0,0.000744755441141656,0,NA
"Dom:Num:AR:MO:C1:MCT1:MCN3:MO008",1,0,0,0,0.000571819724307519,0,NA
"Dom:Num:AR:DI:C8:MCT18",2,2,9.33333333333333,0,0.0012504746059634,0,0.5
"Dom:Num:MCN0:MH002",1,0,0,0,0.000567790362329556,0,NA
"Dom:Num:AR:NS:C0:MCT0:MCN2:NS007",1,0,0,0,0.000614364093787719,0,NA
"Dom:Num:AR:DI:C2:MCT6:MCN17:DI029",1,0,0,0,0.000600368558236783,0,NA
"Dom:Num:AR:MO:C4:MCT5",2,1,51,0,0.00158108776410754,0,0
"Dom:Num:AR:WT:C1:MCT2:MCN1:WT019",1,0,0,0,0.000542827644877026,0,NA
"Dom:Num:AR:FC:C2:MCT12:MCN7:FC061",1,0,0,0,0.000972774710051919,0,NA
"Dom:Num:AR:DI:C3:MCT8:MCN22:DI042",1,0,0,0,0.00126577110015075,0,NA
"Dom:Num:AR:TI:C0:MCT0:MCN0:TI001",1,0,0,0,0.00104932728398309,0,NA
"Dom:Num:AR:SB:C2:MCT3:MCN3:SB011",1,0,0,0,0.000572215119538978,0,NA
"Dom:Num:GE:TS:C1:MCT2:MCN5:TS045",1,0,0,0,0.00101904375949458,0,NA
"Dom:Num:MCN0",1,10,10,0,0.000604224588590278,0,0
"Dom:Num:AR:TI:C1:MCT1:MCN4:TI041",1,0,0,0,0.000534389296141577,0,NA
"Dom:Num:AR:FC:C8:MCT27",3,1,9,0,0.00196901190335057,0,0.166666666666667
"Dom:Num:AR:SB:C3:MCT4:MCN6",1,3,30,0,0.000697492698136188,0,0
"Dom:Num:AR:SB:C2",2,3,97.0238095238095,0,0.000763938646475245,0,0.2
"Dom:Num:MCN0:MH003",1,0,0,0,0.000567790362329556,0,NA
"Dom:Num:AR:FC:C3:MCT13:MCN8:FC077",1,0,0,0,0.00102413448529248,0,NA
"Dom:Num:AR:MS:C1:MCT3:MCN4:MS080",1,0,0,0,0.000528808386245087,0,NA
"Dom:Num:AR:NS:C0:MCT0:MCN2:NS026",1,0,0,0,0.000614364093787719,0,NA
"Dom:Num:AR:FC:C5:MCT17:MCN11",1,2,36,0,0.000891511958524614,0,0
"Dom:Num:AR:TI:C2:MCT2:MCN6:TI072",1,0,0,0,0.000552189532133372,0,NA
"Dom:Num:AR:FC:C6",2,6,98.6666666666667,0,0.000642848629376259,0,0.285714285714286
"Dom:Num:CC:RE:C0:MCT0:MCN1:RE016",1,0,0,0,0.000570212084090253,0,NA
"Dom:Num:AR:DI:C3:MCT9:MCN14:DI020",1,0,0,0,0.00121384098059976,0,NA
"Dom:Num:AR:FC:C3:MCT13:MCN8:FC078",1,0,0,0,0.00102413448529248,0,NA
"Dom:Num:AR:FC:C1:MCT3:MCN1:FC029",1,0,0,0,0.000602679401448187,0,NA
"Dom:Num:AR:FC:C0:MCT0",1,3,162,0,0.000633588418134326,0,0.166666666666667
"Dom:Num:GE:GI:C1:MCT1:MCN4:GI200",1,0,0,0,0.000556965801084583,0,NA
"Dom:Num:AR:FC:C1:MCT3:MCN1:FC021",1,0,0,0,0.000602679401448187,0,NA
"Dom:Num:AR:FC:C0:MCT0:MCN0:FC009",1,0,0,0,0.000555868325109727,0,NA
"Dom:Num:AR:SB:C4:MCT6",3,2,85.1047619047619,0,0.00127610994722281,0,0
"Dom:Num:MCN0:MH005",1,0,0,0,0.000567790362329556,0,NA
"Dom:Num:AR:ML:C2:MCT3",3,1,22,0,0.00087081586644822,0,0.166666666666667
"Dom:Num:AR:TI:C2:MCT2:MCN6:TI089",1,0,0,0,0.000552189532133372,0,NA
"Dom:Num:GE:GI:C1:MCT1:MCN4:GI073",1,0,0,0,0.000556965801084583,0,NA
"Dom:Num:AR:AT:C1:MCT3:MCN3:AT010",1,0,0,0,0.00105064350436723,0,NA
"Dom:Num:AR:AT:C1:MCT3:MCN2:AT012",1,0,0,0,0.000623273718712953,0,NA
"Dom:Num:GE:GI:C0",1,2,204,0,0.00070478191857789,0,0.333333333333333
"Dom:Num:AR:TI:C1:MCT1:MCN4:TI048",1,0,0,0,0.000534389296141577,0,NA
"Dom:Num:AR:SB:C2:MCT3:MCN3:SB014",1,0,0,0,0.000572215119538978,0,NA
"Dom:Num:AR:NS:C0:MCT0:MCN2:NS024",1,0,0,0,0.000614364093787719,0,NA
"Dom:Num:GE:PS:C1:MCT2:MCN10:PS241",1,0,0,0,0.00103052323913747,0,NA
"Dom:Num:GE:TS:C0:MCT0:MCN2",1,1,15,0,0.000668434774662037,0,0
"Dom:Num:AR:TI:C0:MCT0:MCN3:TI005",1,0,0,0,0.00064965527522031,0,NA
"Dom:Num:GE:PS:C1:MCT2:MCN9",1,2,32,0,0.000604814078633046,0,0
"Dom:Num:AR:NS:C1:MCT5:MCN30:NS116",1,0,0,0,0.00112774495730362,0,NA
"Dom:Num:AR:ML:C8:MCT16",2,1,1.325,0,0.00173159573346003,0,0.333333333333333
"Dom:Num:GE:TS:C1:MCT2:MCN5:TS044",1,0,0,0,0.00101904375949458,0,NA
"Dom:Num:AR:FC:C1:MCT3:MCN2",1,1,14,0,0.000811747097871104,0,0
"Dom:Num:AR:ML:C5:MCT10",2,1,2.725,0,0.00176417896120393,0,0.333333333333333
"Dom:Num:AR:NS:C5:MCT16:MCN22",1,1,12,0,0.000745273455496325,0,0
"Dom:Num:AR:MO:C1:MCT1:MCN3:MO013",1,0,0,0,0.000571819724307519,0,NA
"Dom:Num:GE:GI:C0:MCT0:MCN3:GI031",1,0,0,0,0.000633701273195759,0,NA
"Dom:Num:AR:SB:C2:MCT2:MCN2:SB006",1,0,0,0,0.00164671661001585,0,NA
"Dom:Num:AR:MS:C0:MCT2:MCN1:MS045",1,0,0,0,0.000842506821744693,0,NA
"Dom:Num:AR:NS:C1:MCT4:MCN29:NS113",1,0,0,0,0.000777116954738221,0,NA
"Dom:Num:AR:WT:C1:MCT2:MCN1:WT027",1,0,0,0,0.000542827644877026,0,NA
"Dom:Num:AR:DI:C7:MCT17",2,2,19.5,0,0.00123149342998862,0,0.5
"Dom:Num:AR:TI:C2:MCT2:MCN6:TI057",1,0,0,0,0.000552189532133372,0,NA
"Dom:Num:AR:NS:C5:MCT16:MCN23:NS082",1,0,0,0,0.000833172490885321,0,NA
"Dom:Num:AR:DI:C2:MCT6:MCN17:DI028",1,0,0,0,0.000600368558236783,0,NA
"Dom:Num:GE:TS:C1:MCT1:MCN4:TS042",1,0,0,0,0.000735150050674303,0,NA
"Dom:Num:AR:CP:C3:MCT7",4,2,38.9285714285714,0,0.00185085423237139,0,0.266666666666667
"Dom:Num:AR:MS:C1:MCT3:MCN4:MS102",1,0,0,0,0.000528808386245087,0,NA
"Dom:Num:AR:AT:C1",2,4,86.8373015873016,0,0.000659857958219935,0,0.2
"Dom:Num:AR:NS:C0:MCT2:MCN20",1,1,5,0,0.000784829939290463,0,0
"Dom:Num:ST:DH:C1:MCT2:MCN4:DH277",1,0,0,0,0.000952653401152713,0,NA
"Dom:Num:AR:AT:C1:MCT3:MCN2:AT011",1,0,0,0,0.000623273718712953,0,NA
"Dom:Num:AR:ML:C4:MCT7:MCN13:ML015",1,0,0,0,0.00106328072335012,0,NA
"Dom:Num:GE:PS:C1:MCT2:MCN5",1,1,16,0,0.000604814078633046,0,0
"Dom:Num:AR:SB:C0:MCT0:MCN0:SB001",1,0,0,0,0.000693701532849334,0,NA
"Dom:Num:AR:AT:C2:MCT6:MCN5:AT016",1,0,0,0,0.00057924966009813,0,NA
"Dom:Num:AR:NS:C0:MCT0:MCN1:NS018",1,0,0,0,0.000545235043325364,0,NA
"Dom:Num:AR:WT:C1:MCT2:MCN1:WT020",1,0,0,0,0.000542827644877026,0,NA
"Dom:Num:AR:MS:C1:MCT3:MCN4:MS082",1,0,0,0,0.000528808386245087,0,NA
"Dom:Num:GE:GI:C1:MCT1:MCN1:GI202",1,0,0,0,0.000551678688634339,0,NA
"Dom:Num:GE:PS:C1:MCT2:MCN16:PS174",1,0,0,0,0.00103052323913747,0,NA
"Dom:Num:AR:CP:C1:MCT2:MCN2:CP004",1,0,0,0,0.000544634828336998,0,NA
"Dom:Num:AR:MS:C3",2,3,49.1333333333333,0,0.000780059124507716,0,0.3
"Dom:Num:GE:TS:C1:MCT1:MCN4:TS040",1,0,0,0,0.000735150050674303,0,NA
"Dom:Num:AR:NS:C5:MCT15:MCN7",1,1,10,0,0.000856513941822705,0,0
"Dom:Num:AR:FC:C8",5,3,39,0,0.0009367898205793,0,0.321428571428571
"Dom:Num:AR:FC:C5",2,5,86.5,0,0.000642848629376259,0,0.428571428571429
"Dom:Num:AR:DI:C3",2,3,113.633333333333,0,0.00067603758288969,0,0.3
"Dom:Num:AR:FC:C0:MCT0:MCN0",1,15,150,0,0.000695947990770775,0,0
"Dom:Num:AR:FC:C2:MCT7:MCN5:FC051",1,0,0,0,0.000609761898722902,0,NA
"Dom:Num:AR:NS:C5:MCT15",2,2,36,0,0.000800194516525465,0,0
"Dom:Num:ST:DH:C0:MCT1:MCN5:DH283",1,0,0,0,0.000824308367765326,0,NA
"Dom:Num:AR:DI:C2:MCT7:MCN16:DI022",1,0,0,0,0.00135174898148168,0,NA
"Dom:Num:AR:FC:C1:MCT3:MCN2:FC035",1,0,0,0,0.00120641630548982,0,NA
"Dom:Num:MCN0:MH007",1,0,0,0,0.000567790362329556,0,NA
"Dom:Num:AR:SB:C5:MCT7",2,1,1,0,0.00102892660708197,0,0.333333333333333
"Dom:Num:AR:DI",3,19,602.833333333333,0,0.000617337957538194,0,0.173160173160173
"Dom:Num:AR:DI:C0:MCT4:MCN10:DI015",1,0,0,0,0.00100899876358067,0,NA
"Dom:Num:AR:DI:C1:MCT5",2,4,138.533333333333,0,0.000711479726071615,0,0
"Dom:Num:AR:NS:C0:MCT0",1,9,175,0,0.00063152627527313,0,0.0222222222222222
"Dom:Num:AR:FC:C0:MCT0:MCN0:FC011",1,0,0,0,0.000555868325109727,0,NA
"Dom:Num:GE:GI:C0:MCT0:MCN3:GI039",1,0,0,0,0.000633701273195759,0,NA
"Dom:Num:AR:CP:C1:MCT2:MCN2:CP025",1,0,0,0,0.000544634828336998,0,NA
"Dom:Num:ST:DH:C0:MCT0:MCN0:DH004",1,0,0,0,0.00110120206775585,0,NA
"Dom:Num:AR:CP:C4:MCT9:MCN6:CP019",1,0,0,0,0.00247532505269751,0,NA
"Dom:Num:GE:GI:C1:MCT1:MCN1:GI068",1,0,0,0,0.000551678688634339,0,NA
"Dom:Num:AR:DI:C0:MCT3:MCN2:DI007",1,0,0,0,0.00165706860397821,0,NA
"Dom:Num:AR:NS:C2:MCT6:MCN25:NS088",1,0,0,0,0.000623662017276757,0,NA
"Dom:Num:AR:FC:C7:MCT24:MCN13:FC120",1,0,0,0,0.000704864235853746,0,NA
"Dom:Num:AR:TI:C2:MCT2:MCN6:TI069",1,0,0,0,0.000552189532133372,0,NA
"Dom:Num:AR:MS:C4:MCT10",5,2,100,0,0.00202804716053102,0,0.19047619047619
"Dom:Num:AR:FC:C7:MCT26",2,2,62.5,0,0.00182016445179666,0,0.166666666666667
"Dom:Num:AR:SB:C2:MCT3:MCN3:SB017",1,0,0,0,0.000572215119538978,0,NA
"Dom:Num:AR:MS:C0:MCT1:MCN2:MS026",1,0,0,0,0.000591058595545082,0,NA
"Dom:Num:GE:PS:C1:MCT2:MCN13:PS166",1,0,0,0,0.000773477255718427,0,NA
"Dom:Num:AR:MS:C1:MCT3:MCN4:MS097",1,0,0,0,0.000528808386245087,0,NA
"Dom:Num:AR:MO:C0",1,2,63,0,0.000641011680217631,0,0.333333333333333
"Dom:Num:AR:NS:C4",2,2,36,0,0.000638123509961671,0,0.166666666666667
"Dom:Num:AR:FC:C0",1,4,168,0,0.000551327745105615,0,0.3
"Dom:Num:ST:DH:C1:MCT2:MCN4:DH276",1,0,0,0,0.000952653401152713,0,NA
"Dom:Num:AR:NS:C2:MCT6",2,5,85.5,0,0.000672575387075424,0,0.0476190476190476
"Dom:Num:AR:FC:C8:MCT29",3,0,0,0,0.00418597573311965,0,0.666666666666667
"Dom:Num:AR:MO:C1:MCT1:MCN3:MO014",1,0,0,0,0.000571819724307519,0,NA
"Dom:Num:AR:MS:C1:MCT3:MCN4:MS109",1,0,0,0,0.000528808386245087,0,NA
"Dom:Num:AR:DI:C0:MCT3:MCN2",1,1,12,0,0.00134192627256332,0,0
"Dom:Num:AR:MS:C3:MCT8:MCN6:MS121",1,0,0,0,0.00104135498370443,0,NA
"Dom:Num:AR:ML:C7:MCT15:MCN18",1,3,42,0,0.000805850007678612,0,0
"Dom:Num:AR:TI:C2:MCT2:MCN6:TI056",1,0,0,0,0.000552189532133372,0,NA
"Dom:Num:AR:FC:C1:MCT6:MCN9:FC081",1,0,0,0,0.000835945751243538,0,NA
"Dom:Num:AR:TI:C1:MCT1:MCN4:TI024",1,0,0,0,0.000534389296141577,0,NA
"Dom:Num:AR:NS:C0:MCT0:MCN0",1,1,5,0,0.000576075420519623,0,0
"Dom:Num:AR:NS:C6:MCT17:MCN32:NS201",1,0,0,0,0.000779717242104,0,NA
"Dom:Num:AR:WT:C1:MCT2:MCN1:WT023",1,0,0,0,0.000542827644877026,0,NA
"Dom:Num:AR:DI:C2:MCT6:MCN17:DI025",1,0,0,0,0.000600368558236783,0,NA
"Dom:Num:AR:CP:C1:MCT2:MCN2:CP026",1,0,0,0,0.000544634828336998,0,NA
"Dom:Num:AR:NS:C1:MCT3:MCN36",1,1,7,0,0.000617811921446299,0,0
"Dom:Num:AR:MS:C0:MCT1:MCN2",1,7,84,0,0.00061457795614105,0,0
"Dom:Num:AR:NS:C0:MCT1:MCN3:NS042",1,0,0,0,0.000569404495141033,0,NA
"Dom:Num:AR:TI:C0:MCT0:MCN2:TI003",1,0,0,0,0.000782879278141237,0,NA
"Dom:Num:ST:DH:C0:MCT1:MCN1",1,2,26,0,0.000724416695213984,0,0
"Dom:Num:AR:ML:C2:MCT3:MCN2:ML003",1,0,0,0,0.0015845623172627,0,NA
"Dom:Num:AR:SB:C3:MCT4",2,5,123.547619047619,0,0.00106506721080474,0,0
"Dom:Num:GE:PS:C1:MCT2",2,12,450,0,0.00124775726588702,0,0.010989010989011
"Dom:Num:AR:MS:C1:MCT3:MCN4:MS072",1,0,0,0,0.000528808386245087,0,NA
"Dom:Num:AR:CP:C0:MCT0:MCN0",1,1,11,0,0.000649329464610863,0,0
"Dom:Num:AR:WT:C0:MCT0:MCN0:WT005",1,0,0,0,0.0006006576341195,0,NA
"Dom:Num:AR:WT:C4:MCT9:MCN5",1,1,21,0,0.00231723562334201,0,0
"Dom:Num:AR:TI:C0:MCT0:MCN3:TI017",1,0,0,0,0.00064965527522031,0,NA
"Dom:Num:GE:TS:C1:MCT1:MCN4",1,4,68,0,0.00102926483941139,0,0
"Dom:Num:AR:SB:C3:MCT4:MCN4:SB021",1,0,0,0,0.000812865669007263,0,NA
"Dom:Num:ST:DH:C0:MCT1:MCN2:DH011",1,0,0,0,0.000670369820032354,0,NA
"Dom:Num:AR:DI:C0:MCT2:MCN1:DI005",1,0,0,0,0.000706426879901195,0,NA
"Dom:Num:AR:MO:C1:MCT1:MCN3:MO007",1,0,0,0,0.000571819724307519,0,NA
"Dom:Num:AR:DI:C2:MCT7",2,2,55.8166666666667,0,0.00109716575149569,0,0.166666666666667
"Dom:Num:AR:DI:C3:MCT9:MCN13:DI019",1,0,0,0,0.00121384098059976,0,NA
"Dom:Num:GE:PS:C1:MCT2:MCN12",1,1,16,0,0.000604814078633046,0,0
"Dom:Num:AR:FC:C0:MCT0:MCN0:FC014",1,0,0,0,0.000555868325109727,0,NA
"Dom:Num:AR:DI:C3:MCT9:MCN7:DI012",1,0,0,0,0.00121384098059976,0,NA
"Dom:Num:GE:PS:C1:MCT1",2,3,115,0,0.00110634664899236,0,0.1
"Dom:Num:AR:FC:C3",2,2,57,0,0.000629774217337595,0,0.166666666666667
"Dom:Num:AR:NS:C0:MCT1:MCN3:NS037",1,0,0,0,0.000569404495141033,0,NA
"Dom:Num:AR:DI:C6:MCT15",2,2,27.7,0,0.00117015780345244,0,0.5
"Dom:Num:AR:MO:C1",2,3,175.433333333333,0,0.000913441644310124,0,0.3
"Dom:Num:AR:FC:C0:MCT0:MCN0:FC005",1,0,0,0,0.000555868325109727,0,NA
"Dom:Num:ST:DH:C0:MCT1:MCN1:DH005",1,0,0,0,0.000824308367765326,0,NA
"Dom:Num:AR:FC:C6:MCT21:MCN12:FC115",1,0,0,0,0.000728260256584489,0,NA
"Dom:Num:AR:AT:C1:MCT3:MCN2:AT009",1,0,0,0,0.000623273718712953,0,NA
"Dom:Num:AR:ML:C5",2,4,22.7333333333333,0,0.000645439874053512,0,0.266666666666667
"Dom:Num:AR:AT:C2:MCT5:MCN4:AT014",1,0,0,0,0.00171150490674909,0,NA
"Dom:Num:AR:CP:C1:MCT2:MCN2:CP013",1,0,0,0,0.000544634828336998,0,NA
"Dom:Num:AR:WT:C0:MCT0:MCN0:WT007",1,0,0,0,0.0006006576341195,0,NA
"Dom:Num:AR:ML:C5:MCT9",2,1,5,0,0.00130657848902138,0,0.666666666666667
"Dom:Num:GE:TS:C1:MCT1:MCN4:TS041",1,0,0,0,0.000735150050674303,0,NA
"Dom:Num:GE:TS:C1:MCT1",2,2,86,0,0.00120666721673414,0,0.166666666666667
"Dom:Num:AR:SB",2,18,294.833333333333,0,0.000588313625251482,0,0.210526315789474
"Dom:Num:AR:TI:C1:MCT1:MCN4:TI040",1,0,0,0,0.000534389296141577,0,NA
"Dom:Num:AR:MO:C4:MCT5:MCN5:MO033",1,0,0,0,0.00130708251781047,0,NA
"Dom:Num:AR:NS:C1:MCT3:MCN35",1,1,7,0,0.000617811921446299,0,0
"Dom:Num:AR:WT:C3",3,3,42.7916666666667,0,0.000877480889049915,0,0.4
"Dom:Num:AR:WT:C1:MCT2",2,8,293.166666666667,0,0.000985033855760803,0,0.266666666666667
"Dom:Num:AR:ML:C4:MCT7:MCN17",1,1,14,0,0.000643352295353806,0,0
"Dom:Num:AR:CP:C1:MCT2:MCN2:CP023",1,0,0,0,0.000544634828336998,0,NA
"Dom:Num:AR:WT:C0:MCT0:MCN0:WT001",1,0,0,0,0.0006006576341195,0,NA
"Dom:Num:AR:FC:C1:MCT6:MCN9:FC080",1,0,0,0,0.000835945751243538,0,NA
"Dom:Num:AR:NS:C0:MCT0:MCN1:NS021",1,0,0,0,0.000545235043325364,0,NA
"Dom:Num:AR:TI:C0:MCT0:MCN1",1,1,11,0,0.000626936484333774,0,0
"Dom:Num:GE:GI:C1:MCT1",2,3,720,0,0.00154349063356204,0,0
"Dom:Num:AR:MS:C0:MCT0:MCN0:MS001",1,0,0,0,0.000583745384835123,0,NA
"Dom:Num:AR:DI:C3:MCT9:MCN14",1,1,14,0,0.000820482009765149,0,0
"Dom:Num:AR:TI:C2:MCT2:MCN6",1,19,285,0,0.000799302278642117,0,0
"Dom:Num:AR:SB:C3:MCT4:MCN5:SB020",1,0,0,0,0.000812865669007263,0,NA
"Dom:Num:AR:FC:C1:MCT4",2,3,320.166666666667,0,0.000906449124087683,0,0.1
"Dom:Num:AR:NS:C0:MCT1:MCN3:NS041",1,0,0,0,0.000569404495141033,0,NA
"Dom:Num:AR:MO:C4:MCT4:MCN4:MO017",1,0,0,0,0.00209773376332156,0,NA
"Dom:Num:AR:SB:C1",2,3,51.4571428571429,0,0.000775503167392501,0,0.3
"Dom:Num:AR:ML:C9",6,1,9.33333333333333,0,0.00165715330615051,0,0.238095238095238
"Dom:Num:AR:FC:C4:MCT15:MCN10",1,2,34,0,0.000700196896583293,0,0
"Dom:Num:GE:GI:C1:MCT1:MCN1:GI060",1,0,0,0,0.000551678688634339,0,NA
"Dom:Num:AR:MO:C1:MCT1:MCN3:MO010",1,0,0,0,0.000571819724307519,0,NA
"Dom:Num:AR:MO:C1:MCT1:MCN3",1,11,143,0,0.000716791731869994,0,0
"Dom:Num:AR:MO:C2:MCT2:MCN7:MO025",1,0,0,0,0.000934460325499018,0,NA
"Dom:Num:AR:MS:C1:MCT3:MCN4:MS086",1,0,0,0,0.000528808386245087,0,NA
"Dom:Num:AR:AT:C8:MCT14",3,0,0,0,0.00495693739826478,0,0
"Dom:Num:AR:NS:C5:MCT15:MCN7:NS057",1,0,0,0,0.00124446812284868,0,NA
"Dom:Num:AR:ML:C2:MCT4:MCN3:ML004",1,0,0,0,0.0015845623172627,0,NA
"Dom:Num:AR:DI:C0:MCT0:MCN3",1,1,9,0,0.000617327102561616,0,0
"Dom:Num:AR:MO:C0:MCT0:MCN6",1,1,11,0,0.000684064285032656,0,0
"Dom:Num:AR:NS:C3:MCT8:MCN17",1,1,9,0,0.000596849462227397,0,0
"Dom:Num:AR:FC:C1",2,6,309,0,0.000668484890940558,0,0.178571428571429
"Dom:Num:AR:TI:C3:MCT4",2,2,52,0,0.000883892069476248,0,0.166666666666667
"Dom:Num:AR:ML:C4:MCT7:MCN14:ML016",1,0,0,0,0.00106328072335012,0,NA
"Dom:Num:GE:GI:C1:MCT1:MCN4:GI051",1,0,0,0,0.000556965801084583,0,NA
"Dom:Num:AR:FC:C2:MCT7:MCN5:FC060",1,0,0,0,0.000609761898722902,0,NA
"Dom:Num:AR",1,11,956,0,0.000604224588590278,0,0.606060606060606
"Dom:Num:AR:FC:C8:MCT28",3,1,8,0,0.00203583595349978,0,0.166666666666667
"Dom:Num:AR:CP:C4:MCT8:MCN5",1,1,21,0,0.00230458091811545,0,0
"Dom:Num:AR:CP:C1:MCT2:MCN2:CP022",1,0,0,0,0.000544634828336998,0,NA
"Dom:Num:AR:CP:C1:MCT2:MCN2:CP007",1,0,0,0,0.000544634828336998,0,NA
"Dom:Num:AR:FC:C0:MCT0:MCN0:FC008",1,0,0,0,0.000555868325109727,0,NA
"Dom:Num:AR:WT",7,5,432,0,0.000732825928930871,0,0.363636363636364
"Dom:Num:AR:CP:C3:MCT7:MCN4:CP017",1,0,0,0,0.00162401894519802,0,NA
"Dom:Num:GE:GI:C1:MCT1:MCN1:GI201",1,0,0,0,0.000551678688634339,0,NA
"Dom:Num:AR:NS:C1:MCT5:MCN31",1,1,7,0,0.000719192570593215,0,0
"Dom:Num:AR:FC:C6:MCT21",2,3,222.5,0,0.0016955682589036,0,0.2
"Dom:Num:AR:AT:C3:MCT7:MCN7:AT029",1,0,0,0,0.000731600264271095,0,NA
"Dom:Num:AR:ML:C6",2,5,30.7333333333333,0,0.000645439874053512,0,0.238095238095238
"Dom:Num:AR:DI:C0:MCT4:MCN12:DI018",1,0,0,0,0.000762715017940026,0,NA
"Dom:Num:AR:NS:C1:MCT3:MCN4:NS047",1,0,0,0,0.000647716305606721,0,NA
"Dom:Num:AR:AT:C0",1,4,40,0,0.000544212749047369,0,0.3
"Dom:Num:AR:NS:C1:MCT4:MCN29:NS112",1,0,0,0,0.000777116954738221,0,NA
"Dom:Num:AR:TI:C1:MCT1:MCN4:TI031",1,0,0,0,0.000534389296141577,0,NA
"Dom:Num:AR:WT:C1:MCT2:MCN1:WT012",1,0,0,0,0.000542827644877026,0,NA
"Dom:Num:AR:DI:C0:MCT2:MCN1:DI003",1,0,0,0,0.000706426879901195,0,NA
"Dom:Num:ST:DH",7,2,261,0,0.00119972674738699,0,0.305555555555556
"Dom:Num:AR:CP:C1:MCT2:MCN2:CP003",1,0,0,0,0.000544634828336998,0,NA
"Dom:Num:AR:FC:C7",2,6,154.5,0,0.000660612012099579,0,0.285714285714286
"Dom:Num:AR:NS:C1:MCT5:MCN14:NS064",1,0,0,0,0.000822088114801499,0,NA
"Dom:Num:AR:ML:C1:MCT2:MCN19:ML024",1,0,0,0,0.00105283993853409,0,NA
"Dom:Num:AR:DI:C0:MCT4:MCN4:DI009",1,0,0,0,0.00100899876358067,0,NA
"Dom:Num:AR:NS:C5:MCT16:MCN21:NS077",1,0,0,0,0.000727592084690008,0,NA
"Dom:Num:AR:FC:C6:MCT21:MCN12:FC116",1,0,0,0,0.000728260256584489,0,NA
"Dom:Num:ST:DH:C1:MCT2",2,1,65,0,0.00180750440686345,0,0
"Dom:Num:AR:MO:C1:MCT1:MCN3:MO009",1,0,0,0,0.000571819724307519,0,NA
"Dom:Num:AR:NS:C5",2,4,125,0,0.000638123509961671,0,0.133333333333333
"Dom:Num:AR:MS:C0:MCT0",1,2,110,0,0.000648234031565191,0,0.333333333333333
"Dom:Num:AR:SB:C4",3,3,88.9047619047619,0,0.00108533595696733,0,0.2
"Dom:Num:AR:MS:C1:MCT3:MCN4:MS094",1,0,0,0,0.000528808386245087,0,NA
"Dom:Num:AR:FC:C5:MCT18",2,1,7.5,0,0.00100079622551858,0,0.333333333333333
"Dom:Num:ST:DH:C0:MCT0:MCN6:DH300",1,0,0,0,0.000711354870784871,0,NA
"Dom:Num:CC:RE:C0:MCT0:MCN1:RE048",1,0,0,0,0.000570212084090253,0,NA
"Dom:Num:AR:WT:C3:MCT7",4,2,38.875,0,0.00189455536168149,0,0.4
"Dom:Num:AR:FC:C9:MCT30",3,1,28,0,0.0011959312229447,0,0.333333333333333
"Dom:Num:AR:DI:C0:MCT3",2,1,22,0,0.000971170588545814,0,0.333333333333333
"Dom:Num:GE:PS:C1:MCT1:MCN3:PS030",1,0,0,0,0.000751568516550539,0,NA
"Dom:Num:AR:MS:C0:MCT1:MCN10",1,1,12,0,0.00061457795614105,0,0
"Dom:Num:AR:MS:C1:MCT4:MCN3",1,13,195,0,0.000650042295986109,0,0
"Dom:Num:AR:WT:C2:MCT4",3,1,0,0,0.00102408397928729,0,0.666666666666667
"Dom:Num:MCN0:MH001",1,0,0,0,0.000567790362329556,0,NA
"Dom:Num:GE:GI:C0:MCT0:MCN2:GI034",1,0,0,0,0.000614156273046363,0,NA
"Dom:Num:AR:DI:C2:MCT6:MCN17:DI027",1,0,0,0,0.000600368558236783,0,NA
"Dom:Num:AR:FC:C2:MCT9:MCN6:FC054",1,0,0,0,0.000857840590000013,0,NA
"Dom:Num:ST:DH:C0:MCT0",1,4,69,0,0.000807220561948725,0,0.1
"Dom:Num:GE:GI:C1:MCT1:MCN1:GI062",1,0,0,0,0.000551678688634339,0,NA
"Dom:Num:AR:TI:C1:MCT1:MCN4:TI039",1,0,0,0,0.000534389296141577,0,NA
"Dom:Num:AR:NS:C2:MCT6:MCN25:NS101",1,0,0,0,0.000623662017276757,0,NA
"Dom:Num:GE:GI:C1:MCT1:MCN4:GI061",1,0,0,0,0.000556965801084583,0,NA
"Dom:Num:AR:SB:C8",2,1,4.83333333333333,0,0.00091739037620065,0,0.333333333333333
"Dom:Num:AR:NS:C4:MCT11:MCN24:NS083",1,0,0,0,0.000782964801847226,0,NA
"Dom:Num:GE:GI:C1:MCT1:MCN1:GI047",1,0,0,0,0.000551678688634339,0,NA
"Dom:Num:AR:DI:C0:MCT1:MCN9:DI036",1,0,0,0,0.000861340692021359,0,NA
"Dom:Num:AR:MS:C1:MCT3:MCN4:MS091",1,0,0,0,0.000528808386245087,0,NA
"Dom:Num:AR:CP:C4:MCT9:MCN6",1,1,21,0,0.00230458091811545,0,0
"Dom:Num:GE:PS:C1:MCT2:MCN15",1,1,16,0,0.000604814078633046,0,0
"Dom:Num:AR:TI:C1:MCT1:MCN7:TI080",1,0,0,0,0.000794780641853396,0,NA
"Dom:Num:AR:AT:C4:MCT8",3,2,44.9809523809524,0,0.00134748796712331,0,0
"Dom:Num:AR:NS:C5:MCT16:MCN23",1,2,24,0,0.000745273455496325,0,0
"Dom:Num:AR:AT:C3:MCT7:MCN6",1,3,33,0,0.000759419971664867,0,0
"Dom:Num:AR:NS:C3:MCT8",2,8,169,0,0.000756877081675429,0,0.0222222222222222
"Dom:Num:AR:MS:C1:MCT3:MCN4:MS088",1,0,0,0,0.000528808386245087,0,NA
"Dom:Num:AR:SB:C3:MCT4:MCN5:SB022",1,0,0,0,0.000812865669007263,0,NA
"Dom:Num:GE:PS:C1:MCT2:MCN10",1,1,16,0,0.000604814078633046,0,0
"Dom:Num:AR:CP:C1:MCT2:MCN2:CP010",1,0,0,0,0.000544634828336998,0,NA
"Dom:Num:AR:AT:C2:MCT6:MCN5:AT022",1,0,0,0,0.00057924966009813,0,NA
"Dom:Num:AR:DI:C0:MCT0:MCN11:DI016",1,0,0,0,0.00104115930947676,0,NA
"Dom:Num:AR:MS:C1:MCT3:MCN4:MS103",1,0,0,0,0.000528808386245087,0,NA
"Dom:Num:AR:MO:C3:MCT3:MCN8:MO027",1,0,0,0,0.000934460325499018,0,NA
"Dom:Num:CC:RE:C0:MCT0:MCN1",1,15,240,0,0.000949073149250652,0,0
"Dom:Num:AR:MS:C2:MCT5:MCN5:MS120",1,0,0,0,0.000886843857174456,0,NA
"Dom:Num:GE:TS:C1",2,2,165,0,0.00126642927546377,0,0.333333333333333
"Dom:Num:AR:NS:C1:MCT3:MCN34",1,1,7,0,0.000617811921446299,0,0
"Dom:Num:AR:FC:C2:MCT9:MCN6:FC053",1,0,0,0,0.000857840590000013,0,NA
"Dom:Num:AR:WT:C4:MCT8",4,1,40,0,0.00211859335416779,0,0.3
"Dom:Num:AR:MO:C4:MCT5:MCN5:MO018",1,0,0,0,0.00130708251781047,0,NA
"Dom:Num:AR:NS:C6:MCT17:MCN32:NS200",1,0,0,0,0.000779717242104,0,NA
"Dom:Num:AR:DI:C2:MCT7:MCN16",1,1,15,0,0.000982726716685051,0,0
"Dom:Num:AR:FC:C1:MCT3:MCN1:FC022",1,0,0,0,0.000602679401448187,0,NA
"Dom:Num:AR:MS:C0:MCT1:MCN10:MS162",1,0,0,0,0.00103882253501928,0,NA
"Dom:Num:AR:MO:C1:MCT1:MCN3:MO015",1,0,0,0,0.000571819724307519,0,NA
"Dom:Num:AR:NS:C3:MCT8:MCN16:NS069",1,0,0,0,0.000685538619930478,0,NA
"Dom:Num:GE:PS:C1:MCT2:MCN14:PS176",1,0,0,0,0.00103052323913747,0,NA
"Dom:Num:AR:NS:C1:MCT3:MCN5",1,3,21,0,0.000617811921446299,0,0
"Dom:Num:AR:SB:C6",2,2,20.2857142857143,0,0.000785534720045113,0,0.333333333333333
"Dom:Num:AR:DI:C0:MCT4:MCN10",1,1,9,0,0.000579491166213279,0,0
"Dom:Num:AR:MO:C2:MCT2:MCN7:MO031",1,0,0,0,0.000934460325499018,0,NA
"Dom:Num:AR:TI:C2:MCT2:MCN6:TI066",1,0,0,0,0.000552189532133372,0,NA
"Dom:Num:AR:DI:C0",1,6,266,0,0.000544049023031355,0,0.19047619047619
"Dom:Num:AR:MS:C0:MCT1:MCN2:MS027",1,0,0,0,0.000591058595545082,0,NA
"Dom:Num:AR:MO:C4:MCT5:MCN5",1,2,36,0,0.00186035587179079,0,0
"Dom:Num:AR:MS:C1:MCT3:MCN4:MS081",1,0,0,0,0.000528808386245087,0,NA
"Dom:Num:AR:ML:C7:MCT15:MCN10:ML011",1,0,0,0,0.0012014037788262,0,NA
"Dom:Num:AR:SB:C3:MCT4:MCN4",1,2,20,0,0.000697492698136188,0,0
"Dom:Num:AR:DI:C5:MCT11",2,4,74,0,0.000954936686817719,0,0.0666666666666667
"Dom:Num:AR:DI:C4",2,1,24,0,0.00067603758288969,0,0.333333333333333
