Sl.No,Topic,Subtopics,SubSubTopics,LGs,CONTAINS,DEPENDS,INDUCES
1,Addition,9,15,33,24,29,33
2,Capacity,5,10,27,15,25,27
3,Data Handling,2,3,17,5,3,17
4,Division,10,21,43,31,34,43
5,Fractions,10,35,65,45,53,65
6,Length,5,11,87,16,25,87
7,Money,5,6,24,11,10,24
8,Multiplication,10,18,24,28,39,24
9,Number System,7,18,94,25,23,94
10,Patterns,2,2,16,4,2,16
11,Points and Lines,2,3,25,5,3,25
12,Shapes,2,2,58,4,2,58
13,Subtractions,9,12,31,21,24,31
14,Time,6,10,73,16,15,73
15,Triangles,2,3,12,5,3,12
16,Weight,5,10,32,15,28,32
,,,,,,,
Total,16,91,179,661,270,318,661
,,,,,,,
,Maths,,,,16,50,
Grand Total,,91,179,661,286,368,661