Number System (NS),,,,,,,,,,
LD Code,Concept,Subconcept,Sub Sub Concept,Class Category,Error Category,Teacher / Parent Description,Example,Comments,Source,
NS001,Number System,Cardinal and Ordinal Numbers,Counting numbers,Picture counting, Enumeration,Learner is not able to match the number of objects and its numeral values.,,,,
NS002,Number System,Cardinal and Ordinal Numbers,Counting numbers,Counting,Miss numbers while counting,Learner misses a few numbers while counting.,,,,
NS003,Number System,Cardinal and Ordinal Numbers,Counting numbers,Counting,Repeat numbers while counting,Learner repeats a few numbers while counting.,,,,
NS004,Number System,Cardinal and Ordinal Numbers,Counting numbers,Picture Counting,Repeat counting,Learner counts two objects at the same number.,,,,
NS005,Number System,Cardinal and Ordinal Numbers,Counting numbers,Counting,Order of numbers, Learner does not know the order of numbers.,,,,
NS007,Number System,Cardinal and Ordinal Numbers,Counting numbers,Picture Counting,Counting till specified numbers,Learner is not able to count till a specified number within a given set.,"For e.g. if we are asked to strike 3 apples out of 6, student might strike all the apples instead of just the 3 apples.",,,
NS009,Number System,Cardinal and Ordinal Numbers,Counting numbers,Counting,Confusion between 2 and 5,Learner gets confused between the numbers 2 and 5 while writing.,,,,
NS010,Number System,Cardinal and Ordinal Numbers,Counting numbers,Counting, Confusion between 6 and 9,Learner gets confused between the numbers 6 and 9 while writing.,,,,
NS011,Number System,Cardinal and Ordinal Numbers,Counting numbers,Counting,Starts counting from zero, Learner starts counting from zero.,,,,
NS012,Number System,Number Names,Numbers in Indian System,Counting,Continues rhythemic number names,The learner does not stop counting when the numbers are rhythemic in nature.,,,,
NS013,Number System,Cardinal and Ordinal Numbers,Counting numbers,Counting,Skipping odd numbers,Learner skips all odd numbers while counting.,,,,
NS014,Number System,Cardinal and Ordinal Numbers,Counting numbers,Counting,Skipping even numbers,Learner skips all even numbers while counting.,,,,
NS017,Number System,Cardinal and Ordinal Numbers,Counting numbers,Counting,Number sequence after 10, Learner is not able to follow the number sequence after 10.,,,,
NS018,Number System,Cardinal and Ordinal Numbers,Counting numbers,Counting,Number 12,Learner is not able to follow the atypical number 12.,,,,
NS019,Number System,Cardinal and Ordinal Numbers,Counting numbers,Counting,Number name for twenty,Learner enters twenty as tenteen (goes in the same rhyming as other teens).,,,,
NS020,Number System,Cardinal and Ordinal Numbers,Counting numbers,Counting,Transition from single digit number to double digit numbers, Learner is not able to understand the transition between the single digit number 9 and two digit number i.e. 10.,,,,
NS021,Number System,Cardinal and Ordinal Numbers,Counting numbers in groups,Counting, Counting in groups,Learner is unable to count the objects when they are grouped.,,,,
NS022,Number System,Cardinal and Ordinal Numbers,Counting numbers,Counting,Number zero, Learner does not know that the absence of a picture or an object is marked as zero.,,,,
NS023,Number System,Cardinal and Ordinal Numbers,Counting numbers,Picture Counting,Counting of same picture in different colours," Learner gets confused while counting the same picture, if shown in the different color.",,,,
NS024,Number System,Cardinal and Ordinal Numbers,Counting numbers,Picture Counting,Counting pictured in different orientations,"Learner gets confused while counting the same picture, if it is shown in a different orientation.",,,,
NS026,Number System,Cardinal and Ordinal Numbers,Counting numbers,Picture Counting, Visual differences,Learner gets confused when two sets of images are given with the same number but with different objects/positions/length.,,,,
NS029,Number System,Cardinal and Ordinal Numbers,Counting numbers in groups,Counting in groups, Group counting, Learner counts the number of bundles  incorrectly.,,,,
NS030,Number System,Cardinal and Ordinal Numbers,Counting numbers in groups,Counting in groups,10's and units,Learner is not able to add the bundles of tens and units.,,,,
NS031,Number System,Cardinal and Ordinal Numbers,Counting numbers in groups,Counting in groups,100's and 10's,Learner is unable to add the bundles of hundreds and tens.,,,,
NS032,Number System,Cardinal and Ordinal Numbers,Counting numbers in groups,Counting in groups,100's and units,Learner is unable to add  bundles of hundreds and ones .,,,,
NS033,Number System,Cardinal and Ordinal Numbers,Counting numbers in groups,Counting in groups,"1000's, 10's  and units",Learner is unable to add  bundles of hundreds and tens with ones .,,,,
NS034,Number System,Cardinal and Ordinal Numbers,Counting numbers in groups,Counting in groups,1000's and 10's,Learner is unable to add  bundles of thousands and tens .,,,,
NS035,Number System,Cardinal and Ordinal Numbers,Counting numbers in groups,Counting in groups,1000's and units,Learner is unable to add  bundles of thousands with ones .,,,,
NS036,Number System,Cardinal and Ordinal Numbers,Counting numbers in groups,Counting in groups,1000's and 100's,Learner is unable to add  bundles of thousands and hundreds .,,,,
NS037,Number System,Cardinal and Ordinal Numbers,Counting numbers in groups,Counting in groups,"1000's , 100's and units",Learner is unable to add  bundles of thousands and hundreds with ones .,,,,
NS038,Number System,Cardinal and Ordinal Numbers,Counting numbers in groups,Counting in groups,"1000's , 100's and 10's","Learner is unable to add  bundles of thousands , hundreds  and tens.",,,,
NS039,Number System,Cardinal and Ordinal Numbers,Counting numbers in groups,Counting in groups,"1000's , 100's , 10's and units","Learner is unable to add  bundles of thousands , hundreds and tens with ones .",,,,
NS040,Number System,Cardinal and Ordinal Numbers,Counting numbers,Counting,Backward sequencing,Learner is unable to identify the numbers properly when they are arranged in reverse order.,,,,
NS041,Number System,Cardinal and Ordinal Numbers,Counting numbers in groups,Counting in groups,Counting in  hundreds,Learner gets confused while counting in hundreds.,,,,
NS042,Number System,Cardinal and Ordinal Numbers,Counting numbers in groups,Counting in groups,Crossing thousands,Learner  gets confused when the thousand bridge comes into play. For example: Learner can say 9 hundred and ninety ten instead on 1000,,,,
NS043,Number System,Cardinal and Ordinal Numbers,Counting numbers,Counting,Reversing the digits of a number,Learner reverses the order of digits in a number. Eg: 18 is written as 81.,,,,
NS044,Number System,Number Facts,Before After and Number Inbetween,Predecessor,Confusion between Predecessor and Successor,Learner gets confused between predecessor and successor.,,,,
NS045,Number System,Number Facts,Before After and Number Inbetween,Predecessor,Predecessor in different system,Learner is confused with the predecessors and successors while converting from one system to the other.,,,,
NS046,Number System,Number Facts,Before After and Number Inbetween,Predecessor,Confusion of predecessor in different systems,Learner enters  predecessor in Indian system when asked for International system or vice versa. ,,,,
NS047,Number System,Number Facts,Before After and Number Inbetween,Predecessor,Incorrect predecessor,Learner enters incorrect predecessor while writing number names.,,,,
NS051,Number System,Number Facts,Before After and Number Inbetween,Successor,Successor in the different system,Learner enters  predecessor in Indian system when asked for the predecessor in International system or vice versa. ,,,,
NS052,Number System,Number Facts,Before After and Number Inbetween,Successor,Confusion of successor in different systems,Learner enters  successor in Indian system when asked for it in International system or vice versa. ,,,,
NS053,Number System,Number Facts,Before After and Number Inbetween,Successor,Number names,Learner enters incorrect successor while writing number names.,,,,
NS056,Number System,Number Facts,Before After and Number Inbetween, Number In Between, Number In Between,Learner is unable to find the correct number between two given numbers.,,,,
NS057,Number System,Comparing and Ordering Numbers,Ascending and Descending Order,Ascending  Order,Ascending  Order,Learner does not know how to write the numbers in ascending order.,,,,
NS058,Number System,Comparing and Ordering Numbers,Ascending and Descending Order,Descending Order,Descending Order,Learner does not know how to write the numbers  in descending order.,,,,
NS059,Number System,Comparing and Ordering Numbers,Comparing with Symbols,Comparing numbers,"Comparison by using symbols < ,> ,  =",Learner does not know how to compare the numbers using symbols of comparison.,,,,
NS060,Number System,Comparing and Ordering Numbers,Comparing Numbers,Largest number,Identification of the largest number,Learner is not able to identify the largest number in the given set.,,,,
NS061,Number System,Comparing and Ordering Numbers,Comparing Numbers,Smallest number,identification of the smallest number,Learner is not able to identify the smallest number in the given set.,,,,
NS062,Number System,Place Value of Numbers,Concept of Place and Face Value,Sum of numbers,Sum of numbers,Learner is not able to identify that the given number is the sum of other numbers.,,,,
NS063,Number System,Number Facts,Skip Counting,Skip count,Skip count,Learner does not know the method for skip counting.,,,,
NS064,Number System,Number Facts,Even and Odd Numbers,Definition of even and odd numbers,Confusion with odd numbers,Learner is not aware of the concept of odd numbers.,,,,
NS065,Number System,Number Facts,Even and Odd Numbers,Definition of even and odd numbers,Definition of even numbers,Learner is not aware of the concept of even numbers.,,,,
NS066,Number System,Number Names,Numbers in Indian System,Confusion with number names,Confusion with number names,Learner gets confused when the counting is done using the number names.,,,,
NS069,Number System,Number Names,Numbers in Indian System,Number names,Number names for numbers,Learner does not know the number names of numbers.,,,,
NS070,Number System,Number Names,Numbers in Indian System,Teen number names,Teen number names,Learner does not know the number names from 13 to 19.,,,,
NS071,Number System,Number Names,Numbers in Indian System,Decade number names,Decade number names,Learner does not know the number names of the multiples of 10.,,,,
NS073,Number System,Place Value of Numbers,Concept of Place and Face Value,Face value,Face value ,Learner is not able to identify the face value of a digit in a given number.,,,,
NS074,Number System,Cardinal and Ordinal Numbers,Concept of Ordinal numbers,Represent Ordinal numbers,Ordinal number ,Learner does not know how to write ordinal numbers.,,,,
NS076,Number System,Comparing and Ordering Numbers,Forming Numbers,Form numbers,Forming the largest number,Learner does not know how to form largest number using the given set of single digit numbers.,,,,
NS077,Number System,Comparing and Ordering Numbers,Forming Numbers,Form numbers,Forming the smallest number,Learner does not know how to form smallest number using the given single digit numbers.,,,,
NS078,Number System,Comparing and Ordering Numbers,Forming Numbers,Form numbers,Smallest number including zero,Learner does not know how to form the smallest number from single digit numbers which includes zero.,,,,
NS079,Number System,Comparing and Ordering Numbers,Forming Numbers,Appropriate commas,Appropriate commas in Indian system,Learner is not able to write numbers in the Indian System.,,,,
NS081,Number System,Comparing and Ordering Numbers,Forming Numbers,International System,Appropriate commas in International System,Learner is not able to write numbers in the International System.,,,,
NS082,Number System,Comparing and Ordering Numbers,Forming Numbers,International System,Large number names,Learner is not able to write the number names for large numbers in the International system.,,,,
NS083,Number System,Standard and Expanded Forms,Representation of Indian System in Expanded Form ,Number expansion,Number in Indian system,"Learner does not know how to covert expanded form of a number to the standard form, in the Indian number system.",,,,
NS084,Number System,Standard and Expanded Forms,Representation of International System in Expanded Form,Number expansion,Number in International system,"Learner does not know how to convert expanded form of a number to the standard form, in the International number system.",,,,
NS085,Number System,Standard and Expanded Forms,Representation of Indian System in Expanded Form ,Number expansion,Expansion of numbers in Indian system,"Learner does not know how to write numbers in expanded form, for Indian system.",,,,
NS086,Number System,Standard and Expanded Forms,Representation of International System in Expanded Form,Number expansion,Expansion of numbers in International system,"Learner does not know how to write number in expanded form, for International system.",,,,
NS087,Number System,Place Value of Numbers,Concept of Place and Face Value,Place value,Place value in Indian system,Learner does not know the place value of a digit in Indian number system.,,,,
NS088,Number System,Place Value of Numbers,Concept of Place and Face Value,Place value,Place value in International system,Learner does not know the place value of a digit in International number system.,,,,
NS089,Number System,Standard and Expanded Forms,Representation of Indian System in Expanded Form ,Number names,Number names in Indian System,Learner does not know how to write number names in the Indian System.,,,,
NS090,Number System,Standard and Expanded Forms,Representation of International System in Expanded Form,Number names,Number names in International System,Learner doe not know how to write number names in the International System.,,,,
NS094,Number System,Number Names,Conversion of Numbers,Number conversion,Conversion of Numbers,Learner does not know to convert numbers from Indian to International System and vice versa,,,,
NS095,Number System,Place Value of Numbers,Concept of Place and Face Value,Application,Application of PlaceValue,Learner is not able to apply the correct way of counting a number and its place value to solve application based problems.,,,,
NS101,Number System,Place Value of Numbers,Concept of Place and Face Value,Place value,Conversion of place values,Learner does not know the conversion between the different place values.,,,,
NS102,Number System,Place Value of Numbers,Concept of Place and Face Value,Place value,Writing in numbers,Learner does not know how to form a number when digits in place values are given.,,,,
NS109,Number System,Cardinal and Ordinal Numbers,Concept of Ordinal numbers,Ordinal Numbers,Definition of ordinal numbers,Learner does not know the meaning of ordinal numbers.,,,,
NS110,Number System,Cardinal and Ordinal Numbers,Concept of Ordinal numbers,Ordinal Numbers,Identify ordinal numbers,Learner is not able to understand the given ordinal numbers.,,,,
NS111,Number System,Number Facts,Skip Counting,Skip Counting,Writes successor,Learner writes the succesor of the last number in the given series instead of doing the skip counting.,,,,
NS112,Number System,Number Facts,Skip Counting,Skip Counting,Write predecessor,Learner writes the predecessor of the first number in the given series instead of doing the skip counting.,,,,
NS113,Number System,Number Facts,Skip Counting,Skip Counting,Finding skip number,Learner is unable to find the skipped number when the numbers are not starting from the beginning. ,,,,
NS116,Number System,Number Facts,Even and Odd Numbers,Even Number,Represent even nnumbers,Learner is not aware of the representation of even numbers as groups of two'.,,,,
NS117,Number System,Number Facts,Even and Odd Numbers,Odd Number,Represent odd numbers,Learner is not aware of the representation of odd numbers as group of two' and one object remaining.,,,,
NS118,Number System,Place Value of Numbers,Relation between the numbers,Place value,Relation between digits,Learner is not able to find the relationship between the place value of the digits.,,,,
NS119,Number System,Rounding and Estimation of Numbers,Rounding of numbers,Rounding Numbers,Rounding to nearest tens,Learner does not know to round off to the nearest tens.,,,,
NS120,Number System,Rounding and Estimation of Numbers,Rounding of numbers,Rounding Numbers,Rounding to nearest hundred,Learner does not know to round off to the nearest hundreds.,,,,
NS200,Number System,Rounding and Estimation of Numbers,Rounding of numbers,Rounding Numbers,Rounding to nearest thousand,Learner does not know to round off to the nearest thousands.,,,,
NS201,Number System,Rounding and Estimation of Numbers,Rounding of numbers,Rounding Numbers,Rounding to nearest ten thousand,Learner does not know to round off to the nearest ten thousands.,,,,
NS202,Number System,Rounding and Estimation of Numbers,Rounding of numbers,Rounding Numbers,Rounding to a place value,Learner does not know to round off to the nearest given place value.,,,,
NS203,Number System,Cardinal and Ordinal Numbers,Counting numbers,Dozen,Dozen,Learner does not know that one dozen equals to 12.,,,,
NS204,Number System,Number Facts,Before After and Number Inbetween,Concept of predecessor,Meaning of predecessor,Learner is not aware of the concept of predecessor of numbers.,,,,
NS205,Number System,Number Facts,Before After and Number Inbetween,Concept of successor,Meaning of successor,Learner is not aware of the concept of successor of numbers.,,,,
NS206,Number System,Number Facts,Before After and Number Inbetween,Concept of number inbetween,Meaning of number inbetween,Learner is not aware of the concept of number inbetween.,,,,
,,,,,,,,,,
,,,,,,,,,,
,,,,,,,,,,
,,,,,,,,,,
,,,,,,,,,,
,,,,,,,,,,
,,,,,,,,,,
,,,,,,,,,,
,,,,,,,,,,
,,,,,,,,,,
,,,,,,,,,,
,,,,,,,,,,
,,,,,,,,,,
,,,,,,,,,,
,,,,,,,,,,
,,,,,,,,,,
,,,,,,,,,,
,,,,,,,,,,
,,,,,,,,,,
,,,,,,,,,,
,,,,,,,,,,
,,,,,,,,,,
,,,,,,,,,,
,,,,,,,,,,
,,,,,,,,,,
,,,,,,,,,,
,,,,,,,,,,
,,,,,,,,,,
,,,,,,,,,,
,,,,,,,,,,
,,,,,,,,,,
,,,,,,,,,,
,,,,,,,,,,
,,,,,,,,,,
,,,,,,,,,,
,,,,,,,,,,
,,,,,,,,,,
,,,,,,,,,,
,,,,,,,,,,
,,,,,,,,,,
,,,,,,,,,,
,,,,,,,,,,
,,,,,,,,,,
,,,,,,,,,,
,,,,,,,,,,
,,,,,,,,,,
,,,,,,,,,,
,,,,,,,,,,
,,,,,,,,,,
,,,,,,,,,,
,,,,,,,,,,
,,,,,,,,,,
,,,,,,,,,,
,,,,,,,,,,
,,,,,,,,,,
,,,,,,,,,,
,,,,,,,,,,
,,,,,,,,,,
,,,,,,,,,,
,,,,,,,,,,
,,,,,,,,,,
,,,,,,,,,,
,,,,,,,,,,
,,,,,,,,,,
,,,,,,,,,,
,,,,,,,,,,
,,,,,,,,,,
,,,,,,,,,,
,,,,,,,,,,
,,,,,,,,,,
,,,,,,,,,,
,,,,,,,,,,
,,,,,,,,,,
,,,,,,,,,,
,,,,,,,,,,
,,,,,,,,,,
,,,,,,,,,,
,,,,,,,,,,
,,,,,,,,,,
,,,,,,,,,,
,,,,,,,,,,
,,,,,,,,,,
,,,,,,,,,,
,,,,,,,,,,
,,,,,,,,,,
,,,,,,,,,,
,,,,,,,,,,
,,,,,,,,,,
,,,,,,,,,,
,,,,,,,,,,
,,,,,,,,,,
,,,,,,,,,,
,,,,,,,,,,
,,,,,,,,,,
,,,,,,,,,,
,,,,,,,,,,
,,,,,,,,,,
,,,,,,,,,,
,,,,,,,,,,
,,,,,,,,,,
,,,,,,,,,,
,,,,,,,,,,
,,,,,,,,,,
,,,,,,,,,,
,,,,,,,,,,
,,,,,,,,,,
,,,,,,,,,,
,,,,,,,,,,
,,,,,,,,,,
,,,,,,,,,,
,,,,,,,,,,
,,,,,,,,,,
,,,,,,,,,,
,,,,,,,,,,
,,,,,,,,,,
,,,,,,,,,,
,,,,,,,,,,
,,,,,,,,,,
,,,,,,,,,,
,,,,,,,,,,
,,,,,,,,,,
,,,,,,,,,,
,,,,,,,,,,
,,,,,,,,,,
,,,,,,,,,,
,,,,,,,,,,
,,,,,,,,,,
,,,,,,,,,,
,,,,,,,,,,
,,,,,,,,,,
,,,,,,,,,,
,,,,,,,,,,
,,,,,,,,,,
,,,,,,,,,,
,,,,,,,,,,
,,,,,,,,,,
,,,,,,,,,,
,,,,,,,,,,
,,,,,,,,,,
,,,,,,,,,,
,,,,,,,,,,
,,,,,,,,,,
,,,,,,,,,,
,,,,,,,,,,
,,,,,,,,,,
,,,,,,,,,,
,,,,,,,,,,
,,,,,,,,,,
,,,,,,,,,,
,,,,,,,,,,
,,,,,,,,,,
,,,,,,,,,,
,,,,,,,,,,
,,,,,,,,,,
,,,,,,,,,,
,,,,,,,,,,
,,,,,,,,,,
,,,,,,,,,,
,,,,,,,,,,
,,,,,,,,,,
,,,,,,,,,,
,,,,,,,,,,
,,,,,,,,,,
,,,,,,,,,,
,,,,,,,,,,
,,,,,,,,,,
,,,,,,,,,,
,,,,,,,,,,
,,,,,,,,,,
,,,,,,,,,,
,,,,,,,,,,
,,,,,,,,,,
,,,,,,,,,,
,,,,,,,,,,
,,,,,,,,,,
,,,,,,,,,,
,,,,,,,,,,
,,,,,,,,,,
,,,,,,,,,,
,,,,,,,,,,
,,,,,,,,,,
,,,,,,,,,,
,,,,,,,,,,
,,,,,,,,,,
,,,,,,,,,,
,,,,,,,,,,
,,,,,,,,,,
,,,,,,,,,,
,,,,,,,,,,
,,,,,,,,,,
,,,,,,,,,,
,,,,,,,,,,
,,,,,,,,,,
,,,,,,,,,,
,,,,,,,,,,
,,,,,,,,,,
,,,,,,,,,,
,,,,,,,,,,
,,,,,,,,,,
,,,,,,,,,,
,,,,,,,,,,
,,,,,,,,,,
,,,,,,,,,,
,,,,,,,,,,
,,,,,,,,,,
,,,,,,,,,,
,,,,,,,,,,
,,,,,,,,,,
,,,,,,,,,,
,,,,,,,,,,
,,,,,,,,,,
,,,,,,,,,,
,,,,,,,,,,
,,,,,,,,,,
,,,,,,,,,,
,,,,,,,,,,
,,,,,,,,,,
,,,,,,,,,,
,,,,,,,,,,
,,,,,,,,,,
,,,,,,,,,,
,,,,,,,,,,
,,,,,,,,,,
,,,,,,,,,,
,,,,,,,,,,
,,,,,,,,,,
,,,,,,,,,,
,,,,,,,,,,
,,,,,,,,,,
,,,,,,,,,,
,,,,,,,,,,
,,,,,,,,,,
,,,,,,,,,,
,,,,,,,,,,
,,,,,,,,,,
,,,,,,,,,,
,,,,,,,,,,
,,,,,,,,,,
,,,,,,,,,,
,,,,,,,,,,
,,,,,,,,,,
,,,,,,,,,,
,,,,,,,,,,
,,,,,,,,,,
,,,,,,,,,,
,,,,,,,,,,
,,,,,,,,,,
,,,,,,,,,,
,,,,,,,,,,
,,,,,,,,,,
,,,,,,,,,,
,,,,,,,,,,
,,,,,,,,,,
,,,,,,,,,,
,,,,,,,,,,
,,,,,,,,,,
,,,,,,,,,,
,,,,,,,,,,
,,,,,,,,,,
,,,,,,,,,,
,,,,,,,,,,
,,,,,,,,,,
,,,,,,,,,,
,,,,,,,,,,
,,,,,,,,,,
,,,,,,,,,,
,,,,,,,,,,
,,,,,,,,,,
,,,,,,,,,,
,,,,,,,,,,
,,,,,,,,,,
,,,,,,,,,,
,,,,,,,,,,
,,,,,,,,,,
,,,,,,,,,,
,,,,,,,,,,
,,,,,,,,,,
,,,,,,,,,,
,,,,,,,,,,
,,,,,,,,,,
,,,,,,,,,,
,,,,,,,,,,
,,,,,,,,,,
,,,,,,,,,,
,,,,,,,,,,
,,,,,,,,,,
,,,,,,,,,,
,,,,,,,,,,
,,,,,,,,,,
,,,,,,,,,,
,,,,,,,,,,
,,,,,,,,,,
,,,,,,,,,,
,,,,,,,,,,
,,,,,,,,,,
,,,,,,,,,,
,,,,,,,,,,
,,,,,,,,,,
,,,,,,,,,,
,,,,,,,,,,
,,,,,,,,,,
,,,,,,,,,,
,,,,,,,,,,
,,,,,,,,,,
,,,,,,,,,,
,,,,,,,,,,
,,,,,,,,,,
,,,,,,,,,,
,,,,,,,,,,
,,,,,,,,,,
,,,,,,,,,,
,,,,,,,,,,
,,,,,,,,,,
,,,,,,,,,,
,,,,,,,,,,
,,,,,,,,,,
,,,,,,,,,,
,,,,,,,,,,
,,,,,,,,,,
,,,,,,,,,,
,,,,,,,,,,
,,,,,,,,,,
,,,,,,,,,,
,,,,,,,,,,
,,,,,,,,,,
,,,,,,,,,,
,,,,,,,,,,
,,,,,,,,,,
,,,,,,,,,,
,,,,,,,,,,
,,,,,,,,,,
,,,,,,,,,,
,,,,,,,,,,
,,,,,,,,,,
,,,,,,,,,,
,,,,,,,,,,
,,,,,,,,,,
,,,,,,,,,,
,,,,,,,,,,
,,,,,,,,,,
,,,,,,,,,,
,,,,,,,,,,
,,,,,,,,,,
,,,,,,,,,,
,,,,,,,,,,
,,,,,,,,,,
,,,,,,,,,,
,,,,,,,,,,
,,,,,,,,,,
,,,,,,,,,,
,,,,,,,,,,
,,,,,,,,,,
,,,,,,,,,,
,,,,,,,,,,
,,,,,,,,,,
,,,,,,,,,,
,,,,,,,,,,
,,,,,,,,,,
,,,,,,,,,,
,,,,,,,,,,
,,,,,,,,,,
,,,,,,,,,,
,,,,,,,,,,
,,,,,,,,,,
,,,,,,,,,,
,,,,,,,,,,
,,,,,,,,,,
,,,,,,,,,,
,,,,,,,,,,
,,,,,,,,,,
,,,,,,,,,,
,,,,,,,,,,
,,,,,,,,,,
,,,,,,,,,,
,,,,,,,,,,
,,,,,,,,,,
,,,,,,,,,,
,,,,,,,,,,
,,,,,,,,,,
,,,,,,,,,,
,,,,,,,,,,
,,,,,,,,,,
,,,,,,,,,,
,,,,,,,,,,
,,,,,,,,,,
,,,,,,,,,,
,,,,,,,,,,
,,,,,,,,,,
,,,,,,,,,,
,,,,,,,,,,
,,,,,,,,,,
,,,,,,,,,,
,,,,,,,,,,
,,,,,,,,,,
,,,,,,,,,,
,,,,,,,,,,
,,,,,,,,,,
,,,,,,,,,,
,,,,,,,,,,
,,,,,,,,,,
,,,,,,,,,,
,,,,,,,,,,
,,,,,,,,,,
,,,,,,,,,,
,,,,,,,,,,
,,,,,,,,,,
,,,,,,,,,,
,,,,,,,,,,
,,,,,,,,,,
,,,,,,,,,,
,,,,,,,,,,
,,,,,,,,,,
,,,,,,,,,,
,,,,,,,,,,
,,,,,,,,,,
,,,,,,,,,,
,,,,,,,,,,
,,,,,,,,,,
,,,,,,,,,,
,,,,,,,,,,
,,,,,,,,,,
,,,,,,,,,,
,,,,,,,,,,
,,,,,,,,,,
,,,,,,,,,,
,,,,,,,,,,
,,,,,,,,,,
,,,,,,,,,,
,,,,,,,,,,
,,,,,,,,,,
,,,,,,,,,,
,,,,,,,,,,
,,,,,,,,,,
,,,,,,,,,,
,,,,,,,,,,
,,,,,,,,,,
,,,,,,,,,,
,,,,,,,,,,
,,,,,,,,,,
,,,,,,,,,,
,,,,,,,,,,
,,,,,,,,,,
,,,,,,,,,,
,,,,,,,,,,
,,,,,,,,,,
,,,,,,,,,,
,,,,,,,,,,
,,,,,,,,,,
,,,,,,,,,,
,,,,,,,,,,
,,,,,,,,,,
,,,,,,,,,,
,,,,,,,,,,
,,,,,,,,,,
,,,,,,,,,,
,,,,,,,,,,
,,,,,,,,,,
,,,,,,,,,,
,,,,,,,,,,
,,,,,,,,,,
,,,,,,,,,,
,,,,,,,,,,
,,,,,,,,,,
,,,,,,,,,,
,,,,,,,,,,
,,,,,,,,,,
,,,,,,,,,,
,,,,,,,,,,
,,,,,,,,,,
,,,,,,,,,,
,,,,,,,,,,
,,,,,,,,,,
,,,,,,,,,,
,,,,,,,,,,
,,,,,,,,,,
,,,,,,,,,,
,,,,,,,,,,
,,,,,,,,,,
,,,,,,,,,,
,,,,,,,,,,
,,,,,,,,,,
,,,,,,,,,,
,,,,,,,,,,
,,,,,,,,,,
,,,,,,,,,,
,,,,,,,,,,
,,,,,,,,,,
,,,,,,,,,,
,,,,,,,,,,
,,,,,,,,,,
,,,,,,,,,,
,,,,,,,,,,
,,,,,,,,,,
,,,,,,,,,,
,,,,,,,,,,
,,,,,,,,,,
,,,,,,,,,,
,,,,,,,,,,
,,,,,,,,,,
,,,,,,,,,,
,,,,,,,,,,
,,,,,,,,,,
,,,,,,,,,,
,,,,,,,,,,
,,,,,,,,,,
,,,,,,,,,,
,,,,,,,,,,
,,,,,,,,,,
,,,,,,,,,,
,,,,,,,,,,
,,,,,,,,,,
,,,,,,,,,,
,,,,,,,,,,
,,,,,,,,,,
,,,,,,,,,,
,,,,,,,,,,
,,,,,,,,,,
,,,,,,,,,,
,,,,,,,,,,
,,,,,,,,,,
,,,,,,,,,,
,,,,,,,,,,
,,,,,,,,,,
,,,,,,,,,,
,,,,,,,,,,
,,,,,,,,,,
,,,,,,,,,,
,,,,,,,,,,
,,,,,,,,,,
,,,,,,,,,,
,,,,,,,,,,
,,,,,,,,,,
,,,,,,,,,,
,,,,,,,,,,
,,,,,,,,,,
,,,,,,,,,,
,,,,,,,,,,
,,,,,,,,,,
,,,,,,,,,,
,,,,,,,,,,
,,,,,,,,,,
,,,,,,,,,,
,,,,,,,,,,
,,,,,,,,,,
,,,,,,,,,,
,,,,,,,,,,
,,,,,,,,,,
,,,,,,,,,,
,,,,,,,,,,
,,,,,,,,,,
,,,,,,,,,,
,,,,,,,,,,
,,,,,,,,,,
,,,,,,,,,,
,,,,,,,,,,
,,,,,,,,,,
,,,,,,,,,,
,,,,,,,,,,
,,,,,,,,,,
,,,,,,,,,,
,,,,,,,,,,
,,,,,,,,,,
,,,,,,,,,,
,,,,,,,,,,
,,,,,,,,,,
,,,,,,,,,,
,,,,,,,,,,
,,,,,,,,,,
,,,,,,,,,,
,,,,,,,,,,
,,,,,,,,,,
,,,,,,,,,,
,,,,,,,,,,
,,,,,,,,,,
,,,,,,,,,,
,,,,,,,,,,
,,,,,,,,,,
,,,,,,,,,,
,,,,,,,,,,
,,,,,,,,,,
,,,,,,,,,,
,,,,,,,,,,
,,,,,,,,,,
,,,,,,,,,,
,,,,,,,,,,
,,,,,,,,,,
,,,,,,,,,,
,,,,,,,,,,
,,,,,,,,,,
,,,,,,,,,,
,,,,,,,,,,
,,,,,,,,,,
,,,,,,,,,,
,,,,,,,,,,
,,,,,,,,,,
,,,,,,,,,,
,,,,,,,,,,
,,,,,,,,,,
,,,,,,,,,,
,,,,,,,,,,
,,,,,,,,,,
,,,,,,,,,,
,,,,,,,,,,
,,,,,,,,,,
,,,,,,,,,,
,,,,,,,,,,
,,,,,,,,,,
,,,,,,,,,,
,,,,,,,,,,
,,,,,,,,,,
,,,,,,,,,,
,,,,,,,,,,
,,,,,,,,,,
,,,,,,,,,,
,,,,,,,,,,
,,,,,,,,,,
,,,,,,,,,,
,,,,,,,,,,
,,,,,,,,,,
,,,,,,,,,,
,,,,,,,,,,
,,,,,,,,,,
,,,,,,,,,,
,,,,,,,,,,
,,,,,,,,,,
,,,,,,,,,,
,,,,,,,,,,
,,,,,,,,,,
,,,,,,,,,,
,,,,,,,,,,
,,,,,,,,,,
,,,,,,,,,,
,,,,,,,,,,
,,,,,,,,,,
,,,,,,,,,,
,,,,,,,,,,
,,,,,,,,,,
,,,,,,,,,,
,,,,,,,,,,
,,,,,,,,,,
,,,,,,,,,,
,,,,,,,,,,
,,,,,,,,,,
,,,,,,,,,,
,,,,,,,,,,
,,,,,,,,,,
,,,,,,,,,,
,,,,,,,,,,
,,,,,,,,,,
,,,,,,,,,,
,,,,,,,,,,
,,,,,,,,,,
,,,,,,,,,,
,,,,,,,,,,
,,,,,,,,,,
,,,,,,,,,,
,,,,,,,,,,
,,,,,,,,,,
,,,,,,,,,,
,,,,,,,,,,
,,,,,,,,,,
,,,,,,,,,,
,,,,,,,,,,
,,,,,,,,,,
,,,,,,,,,,
,,,,,,,,,,
,,,,,,,,,,
,,,,,,,,,,
,,,,,,,,,,
,,,,,,,,,,
,,,,,,,,,,
,,,,,,,,,,
,,,,,,,,,,
,,,,,,,,,,
,,,,,,,,,,
,,,,,,,,,,
,,,,,,,,,,
,,,,,,,,,,
,,,,,,,,,,
,,,,,,,,,,
,,,,,,,,,,
,,,,,,,,,,
,,,,,,,,,,
,,,,,,,,,,
,,,,,,,,,,
,,,,,,,,,,
,,,,,,,,,,
,,,,,,,,,,
,,,,,,,,,,
,,,,,,,,,,
,,,,,,,,,,
,,,,,,,,,,
,,,,,,,,,,
,,,,,,,,,,
,,,,,,,,,,
,,,,,,,,,,
,,,,,,,,,,
,,,,,,,,,,
,,,,,,,,,,
,,,,,,,,,,
,,,,,,,,,,
,,,,,,,,,,
,,,,,,,,,,
,,,,,,,,,,
,,,,,,,,,,
,,,,,,,,,,
,,,,,,,,,,
,,,,,,,,,,
,,,,,,,,,,
,,,,,,,,,,
,,,,,,,,,,
,,,,,,,,,,
,,,,,,,,,,
,,,,,,,,,,
,,,,,,,,,,
,,,,,,,,,,
,,,,,,,,,,
,,,,,,,,,,
,,,,,,,,,,
,,,,,,,,,,
,,,,,,,,,,
,,,,,,,,,,
,,,,,,,,,,
,,,,,,,,,,
,,,,,,,,,,
,,,,,,,,,,
,,,,,,,,,,
,,,,,,,,,,
,,,,,,,,,,
,,,,,,,,,,
,,,,,,,,,,
,,,,,,,,,,
,,,,,,,,,,
,,,,,,,,,,
,,,,,,,,,,
,,,,,,,,,,
,,,,,,,,,,
,,,,,,,,,,
,,,,,,,,,,
,,,,,,,,,,
,,,,,,,,,,
,,,,,,,,,,
,,,,,,,,,,
,,,,,,,,,,
,,,,,,,,,,
,,,,,,,,,,
,,,,,,,,,,
,,,,,,,,,,
,,,,,,,,,,
,,,,,,,,,,
,,,,,,,,,,
,,,,,,,,,,
,,,,,,,,,,
,,,,,,,,,,
,,,,,,,,,,
,,,,,,,,,,
,,,,,,,,,,
,,,,,,,,,,
,,,,,,,,,,
,,,,,,,,,,
,,,,,,,,,,
,,,,,,,,,,
,,,,,,,,,,
,,,,,,,,,,
,,,,,,,,,,
,,,,,,,,,,
,,,,,,,,,,
,,,,,,,,,,
,,,,,,,,,,
,,,,,,,,,,
,,,,,,,,,,
,,,,,,,,,,
,,,,,,,,,,
,,,,,,,,,,
,,,,,,,,,,
,,,,,,,,,,
,,,,,,,,,,
,,,,,,,,,,
,,,,,,,,,,
,,,,,,,,,,
,,,,,,,,,,
,,,,,,,,,,
,,,,,,,,,,
,,,,,,,,,,
,,,,,,,,,,
,,,,,,,,,,
,,,,,,,,,,
,,,,,,,,,,
,,,,,,,,,,
,,,,,,,,,,
,,,,,,,,,,
,,,,,,,,,,
,,,,,,,,,,
,,,,,,,,,,
,,,,,,,,,,
,,,,,,,,,,
,,,,,,,,,,
,,,,,,,,,,
,,,,,,,,,,
,,,,,,,,,,
,,,,,,,,,,
,,,,,,,,,,
,,,,,,,,,,
,,,,,,,,,,
,,,,,,,,,,
,,,,,,,,,,
,,,,,,,,,,
,,,,,,,,,,
,,,,,,,,,,
,,,,,,,,,,
,,,,,,,,,,
,,,,,,,,,,
,,,,,,,,,,
,,,,,,,,,,
,,,,,,,,,,
,,,,,,,,,,
,,,,,,,,,,
,,,,,,,,,,
,,,,,,,,,,
,,,,,,,,,,
,,,,,,,,,,
,,,,,,,,,,
,,,,,,,,,,
,,,,,,,,,,
,,,,,,,,,,
,,,,,,,,,,
,,,,,,,,,,
,,,,,,,,,,
,,,,,,,,,,
,,,,,,,,,,
,,,,,,,,,,
,,,,,,,,,,
,,,,,,,,,,
,,,,,,,,,,
,,,,,,,,,,
,,,,,,,,,,
,,,,,,,,,,
,,,,,,,,,,
,,,,,,,,,,
,,,,,,,,,,
,,,,,,,,,,
,,,,,,,,,,
,,,,,,,,,,
,,,,,,,,,,
,,,,,,,,,,
,,,,,,,,,,
,,,,,,,,,,
,,,,,,,,,,
,,,,,,,,,,
,,,,,,,,,,
,,,,,,,,,,
,,,,,,,,,,
,,,,,,,,,,
,,,,,,,,,,
,,,,,,,,,,
,,,,,,,,,,
,,,,,,,,,,
,,,,,,,,,,
,,,,,,,,,,
,,,,,,,,,,
,,,,,,,,,,
,,,,,,,,,,
,,,,,,,,,,
,,,,,,,,,,
,,,,,,,,,,
,,,,,,,,,,
,,,,,,,,,,
,,,,,,,,,,
,,,,,,,,,,
,,,,,,,,,,
,,,,,,,,,,
,,,,,,,,,,
,,,,,,,,,,
,,,,,,,,,,
,,,,,,,,,,
,,,,,,,,,,
,,,,,,,,,,
,,,,,,,,,,
,,,,,,,,,,
,,,,,,,,,,
,,,,,,,,,,
,,,,,,,,,,
,,,,,,,,,,
,,,,,,,,,,
,,,,,,,,,,
,,,,,,,,,,
,,,,,,,,,,
,,,,,,,,,,
,,,,,,,,,,
,,,,,,,,,,
,,,,,,,,,,
,,,,,,,,,,
,,,,,,,,,,
,,,,,,,,,,
,,,,,,,,,,
,,,,,,,,,,
,,,,,,,,,,
,,,,,,,,,,
,,,,,,,,,,
,,,,,,,,,,
,,,,,,,,,,
,,,,,,,,,,
,,,,,,,,,,
,,,,,,,,,,
,,,,,,,,,,
,,,,,,,,,,
,,,,,,,,,,
,,,,,,,,,,
,,,,,,,,,,
,,,,,,,,,,
,,,,,,,,,,
,,,,,,,,,,
,,,,,,,,,,
,,,,,,,,,,
,,,,,,,,,,
,,,,,,,,,,
,,,,,,,,,,
,,,,,,,,,,
,,,,,,,,,,
,,,,,,,,,,
,,,,,,,,,,
,,,,,,,,,,
,,,,,,,,,,
,,,,,,,,,,
,,,,,,,,,,
,,,,,,,,,,
,,,,,,,,,,
,,,,,,,,,,
,,,,,,,,,,
,,,,,,,,,,
,,,,,,,,,,
,,,,,,,,,,
,,,,,,,,,,
,,,,,,,,,,
,,,,,,,,,,
,,,,,,,,,,
,,,,,,,,,,
,,,,,,,,,,
,,,,,,,,,,
,,,,,,,,,,
,,,,,,,,,,
,,,,,,,,,,
,,,,,,,,,,
,,,,,,,,,,
,,,,,,,,,,
,,,,,,,,,,
,,,,,,,,,,
,,,,,,,,,,
,,,,,,,,,,
,,,,,,,,,,
,,,,,,,,,,
,,,,,,,,,,
,,,,,,,,,,
,,,,,,,,,,
,,,,,,,,,,
,,,,,,,,,,
,,,,,,,,,,
,,,,,,,,,,
,,,,,,,,,,
,,,,,,,,,,
,,,,,,,,,,
,,,,,,,,,,
,,,,,,,,,,
,,,,,,,,,,
,,,,,,,,,,
,,,,,,,,,,
,,,,,,,,,,
,,,,,,,,,,
,,,,,,,,,,
,,,,,,,,,,
,,,,,,,,,,
,,,,,,,,,,
,,,,,,,,,,
,,,,,,,,,,
,,,,,,,,,,
,,,,,,,,,,
,,,,,,,,,,
,,,,,,,,,,
,,,,,,,,,,
,,,,,,,,,,
,,,,,,,,,,
,,,,,,,,,,
,,,,,,,,,,
,,,,,,,,,,
,,,,,,,,,,
,,,,,,,,,,
,,,,,,,,,,
,,,,,,,,,,
,,,,,,,,,,
,,,,,,,,,,
,,,,,,,,,,