Number System (NS),,,,
Subconcepts,Sub Sub Concept,Scope Items,,
Cardinal and Ordinal Numbers,Counting numbers,"Count objects - beads/birds similar objects. 
Count different types of objects. 
Count objects of different sizes. All pictorial.
Match the number to the actual.
According to grades count backward. 
Counting on Number Line.",,
Cardinal and Ordinal Numbers,Counting numbers in groups,"Counting by groups and singles–“1, 2, 3, 4, 5 sticks of ten and 1, 2, 3”.
Counting by tens-“10, 20, 30, 40, 50, 60, 70 ,80”. 
Counting by tens and ones–“10, 20, 30, 40, 50, 51, 52, 53”. 
Counting by hundreds and thousands.
This scope is by showing the group of objects. 
Bundles, Cubes according to the numbers.",,
Cardinal and Ordinal Numbers,Concept of Ordinal numbers,"Identifying ordinal position from first to twentieth. 
Use ordinal numbers to order objects; e.g., first, second, third;
Identify the ordinal positions first through twentieth, using an ordered set of objects;
Write the ordinal numbers.
Understand difference between Cardinal and ordinal numbers.",,
Number Facts,Before After and Number Inbetween,"Find the number before, after and in the middle for all ranges according to the grades.
Both formats of Numerals and Number Names.",,
Number Facts,Skip Counting,"3, 6,……. All types of skip counting with equal skips.",,
Number Facts,Even and Odd Numbers,"Identify even and odd numbers up to 99 within a given sequence.
Pictorial representation.
How even ends with 2 and multiples of 2.
Show the same pictorially with even numbers plus one left over item.",,
Place Value of Numbers,Concept of Place and Face Value,"Understand the difference between place and face value.
Know the position of the digit where the place and face value are equal.
Number of groups of 10s and 100s and ones, all Ranges.
Place value table.
Model a 3-digit (or 4-digit) number with base unit block; base tens blocks,base hundred blocks etc. 
Pictorial models.place-value model /number using physical models.",,
Place Value of Numbers,Relation between the numbers,"How many tens makes hundred;
How many tens makes one thousands.
Types where one place value is asked / written in terms of another place value.",,
Number Names,Numbers in Indian System,"Numbers in Indian system,  Use of comma.
Words and Numerals.",,
Number Names,Numbers in International System,"Numbers in International system,  Use of comma. 
Words and Numerals.
From hundred thousand onwards.",,
Number Names,Conversion of Numbers,"All types of numeral conversion from Indian to International. With comma to without comma representations. Conversion of numbers between the systems. Conversion from Indian system to International system,Conversion from International system to Indian system, in words and in changing commas.",,
Standard and Expanded Forms,Representation of Indian System in Expanded Form ,"Range as applicable.
Number, index and words format.
All types of expanded forms. 
5 tens 3 ones. Five tens three ones..",,
Standard and Expanded Forms,Representation of International System in Expanded Form,"Range as applicable. Above Hundred Thousand.
Number, index and words format.
All types of expanded forms.",,
Comparing and Ordering Numbers,Comparing with Symbols,"Compare two numbers using symbols ‘<’, ‘>’ and ‘=’.   
Compare numbers up to 8 digits.
Only 2 numbers to be compared.",,
Comparing and Ordering Numbers,Comparing Numbers,"Compare 2 / 3 numbers without symbols. 
Largest / Smallest of 3 or 4 numbers. 
More than 2 numbers.
(Please do not use symbols here, unless it is an Apply and above level question)",,
Comparing and Ordering Numbers,Ascending and Descending Order,Presenting ascending and descending for the various grades.,,
Comparing and Ordering Numbers,Forming Numbers,"Form smallest and largest n digit number - With digits repeating and not repeating, with zero and without zero.",,
Rounding and Estimation of Numbers,Rounding of numbers,"Round numbers to the nearest place value as asked in the problem. 
Problems to specify that below 5 is round off to the lower value and 5 and greater than 5 round off to the above value.
Estimation problems to be taken at higher BTLO level. ",,
,,,,
,,,,