Number System (NS),,,,,
SSC,Dependency,,,,
Counting numbers,,,,,
Counting numbers in groups,Counting numbers,,,,
Concept of Ordinal numbers,,,,,
Before After and Number Inbetween,Counting numbers,,,,
Skip Counting,Counting numbers in groups,,,,
Even and Odd Numbers,Counting numbers,,,,
Concept of Place and Face Value,Counting numbers,,,,
Relation between the numbers,Concept of Place and Face Value,,,,
Numbers in Indian System,Counting numbers,,,,
Numbers in International System,,,,,
Conversion of Numbers,Numbers in Indian System,,,,
Conversion of Numbers,Numbers in International System,,,,
Representation of Indian System in Expanded Form ,Numbers in Indian System,,,,
Representation of International System in Expanded Form,Numbers in International System,,,,
Comparing with Symbols,Numbers in Indian System,,,,
Comparing with Symbols,Numbers in International System,,,,
Comparing Numbers,Numbers in Indian System,,,,
Ascending and Descending Order,Numbers in International System,,,,
Forming Numbers,Comparing Numbers,,,,
Rounding of numbers,Comparing Numbers,,,,
,,,,,
,,,,,
,,,,,
,,,,,
,,,,,
,,,,,
,,,,,
,,,,,
,,,,,
,,,,,
,,,,,
,,,,,
,,,,,
,,,,,
,,,,,