Number System (NS),,,,,,,,,,
Subconcept,Dependency,,,,,,,,,
Cardinal and Ordinal Numbers,,,,,,,,,,
Number Facts,Cardinal and Ordinal Numbers,,,,,,,,,
Place Value of Numbers,Number Facts,,,,,,,,,
Number Names,Place Value of Numbers,,,,,,,,,
Standard and Expanded Forms,Place Value of Numbers,,,,,,,,,
Comparing and Ordering Numbers,Place Value of Numbers,,,,,,,,,
Rounding and Estimation of Numbers,Place Value of Numbers,,,,,,,,,
,,,,,,,,,,
,,,,,,,,,,
,,,,,,,,,,
,,,,,,,,,,
,,,,,,,,,,
,,,,,,,,,,
,,,,,,,,,,
,,,,,,,,,,
,,,,,,,,,,
,,,,,,,,,,
,,,,,,,,,,
,,,,,,,,,,
,,,,,,,,,,
,,,,,,,,,,
,,,,,,,,,,
,,,,,,,,,,
,,,,,,,,,,