Points and Lines (PS),,,,,,,,,,,,,,,,,,,,,,,,,
LD Code,Concept,Subconcept,Sub Sub Concept,Class Category,Error Category,Teacher / Parent Description,Old LD Code,Comments,Source,,,,,,,,,,,,,,,,
PS001,Points and Lines,Points and its Properties,Concept of Points,Definition of a point,Concept of a point,Learner is not aware of the concept of a point.,"PS002, PS003, PS004, PS005, PS006, PS015, PS016",,,,,,,,,,,,,,,,,,
PS007,Points and Lines,Points and its Properties,Concept of Points,Representation of point,Representation of a point,Learner does not know how to represent a Point.,"PS008, PS009",,,,,,,,,,,,,,,,,,
PS013,Points and Lines,Points and its Properties,Concept of Points,Collinear points,Concept of collinear points,Learner is not aware of the concept of collinear points.,PS014,,,,,,,,,,,,,,,,,,
PS030,Points and Lines,"Rays, Lines and Line Segments",Rays and its Properties,Definition of a ray,Concept of ray,Learner is not aware of the concept of a ray.,"PS031, PS033, PS036, PS037, PS038, PS039, PS040, PS041, PS042, PS043, PS044, PS045, PS048, PS049",,,,,,,,,,,,,,,,,,
PS032,Points and Lines,"Rays, Lines and Line Segments",Rays and its Properties,Representation of rays,Symbol of a ray,Learner does not know how to represent a ray geometrically.,,,,,,,,,,,,,,,,,,,
PS034,Points and Lines,"Rays, Lines and Line Segments",Rays and its Properties,Definition of a ray,Direction of distinct rays,Learner is not aware that Ray AB and Ray BA are two distinct rays.,"PS035, PS046",,,,,,,,,,,,,,,,,,
PS047,Points and Lines,"Rays, Lines and Line Segments",Rays and its Properties,Definition of a ray,Number of rays from a point,Learner is not aware that innumerable rays can start from a given point.,,,,,,,,,,,,,,,,,,,
PS065,Points and Lines,"Rays, Lines and Line Segments",Lines and its Properties,Definition of a line,Concept of line,Learner is not aware of the concept of a line.,"PS070, PS071, PS072, PS073, PS074, PS075, PS076, PS091",,,,,,,,,,,,,,,,,,
PS066,Points and Lines,"Rays, Lines and Line Segments",Lines and its Properties,Representation of lines,Symbol of a line,Learner does not know how to represent a line geometrically.,PS077,,,,,,,,,,,,,,,,,,
PS067,Points and Lines,"Rays, Lines and Line Segments",Lines and its Properties,Orientation of lines,Horizontal line,Learner is not aware of the concept of horizontal lines or sleeping lines.,,,,,,,,,,,,,,,,,,,
PS068,Points and Lines,"Rays, Lines and Line Segments",Lines and its Properties,Orientation of lines,Vertical line,Learner is not aware of the concept of vertical lines or standing lines.,,,,,,,,,,,,,,,,,,,
PS069,Points and Lines,"Rays, Lines and Line Segments",Lines and its Properties,Orientation of lines,Slanted line,Learner is not aware of the concept of slanting lines.,,,,,,,,,,,,,,,,,,,
PS078,Points and Lines,"Rays, Lines and Line Segments",Lines and its Properties,Lines and its properties,Number of lines passing through a point,Learner is not aware of the number of lines that can pass through the given point (s).,"PS079, PS109, PS110",,,,,,,,,,,,,,,,,,
PS081,Points and Lines,"Rays, Lines and Line Segments",Lines and its Properties,Lines and its properties,Concurrent lines,Learner has not understood the concept of concurrent lines.,,,,,,,,,,,,,,,,,,,
PS082,Points and Lines,"Rays, Lines and Line Segments",Lines and its Properties,Curved lines,Concept of curved lines,Learner is not aware of the concept of curved lines.,"PS083, PS084, PS085, PS086",,,,,,,,,,,,,,,,,,
PS088,Points and Lines,"Rays, Lines and Line Segments",Lines and its Properties,Curved lines,Number of curved lines through a point,Learner is not aware that infinite curves can pass through a point.,,,,,,,,,,,,,,,,,,,
PS089,Points and Lines,"Rays, Lines and Line Segments",Lines and its Properties,Lines and its properties,Skew lines,Learner is not aware of the concept of skew lines.,,,,,,,,,,,,,,,,,,,
PS241,Points and Lines,"Rays, Lines and Line Segments",Lines and its Properties,Plane,Concept of plane,Learner is not aware of the concept of planes.,,,,,,,,,,,,,,,,,,,
PS157,Points and Lines,"Rays, Lines and Line Segments",Lines and its Properties,Intersecting lines ,Concept of intersecting lines,Learner is not aware of the concept of intersecting lines.,"PS150, PS151,PS152,PS154",,,,,,,,,,,,,,,,,,
PS162,Points and Lines,"Rays, Lines and Line Segments",Lines and its Properties,Identification of intersecting Lines,Intersecting lines,Learner is not able to recognise non-parallel lines as intersecting lines because their meeting point is not visible.,,,,,,,,,,,,,,,,,,,
PS166,Points and Lines,"Rays, Lines and Line Segments",Lines and its Properties,Perpendicular lines and its properties,Concept of perpendicular lines,Learner is not aware of the concept of perpendicular lines.,"PS162, PS163, PS164, PS165, PS166, PS167, PS168, PS169, PS170",,,,,,,,,,,,,,,,,,
PS169,Points and Lines,"Rays, Lines and Line Segments",Lines and its Properties,Perpendicular lines and its properties,Pependicular bisectors,Learner is not aware of the concept of perpendicular bisectors.,"TS143,TS144,TS145,TS146,TS151",,,,,,,,,,,,,,,,,,
PS176,Points and Lines,"Rays, Lines and Line Segments",Lines and its Properties,Intersecting Planes,Two planes form a line,"Learner does not know that when two planes cut each other, then a straight line is formed.",,,,,,,,,,,,,,,,,,,
PS177,Points and Lines,"Rays, Lines and Line Segments",Lines and its Properties,Parallel lines,Concept of parallel lines,Learner is not aware of the concept of parallel lines.,"PA001, PA002,PA011,PA003",,,,,,,,,,,,,,,,,,
PS174,Points and Lines,"Rays, Lines and Line Segments",Lines and its Properties,Representation of parallel lines,Symbol for parallel lines,Learner is not aware of the representation of parallel lines.,"PA009,PA008",,,,,,,,,,,,,,,,,,