Capacity(CP),,,,,,,,
LD Code,Concept,Subconcept,Sub Sub Concept,Class Category,Error Category,Teacher / Parent Description,Example,
CP001,Capacity ,Introduction to capacity,Concept of capacity,Concept of capacity,Quantity of capacity,Learner is not able to distinguish between different quantities of capacities.,,
CP002,Capacity ,Introduction to capacity,Measuring devices,Measuring devices,Measuring devices,Learner is unable to identify measuring the device used for measuring different quantities of liquid.,,
CP003,Capacity ,Units of capacity,Common units of capacity,Unit Conversion,Litre → Millilitre,Learner does not know how to convert litre into millilitre.,,
CP004,Capacity ,Units of capacity,Common units of capacity,Unit Conversion,Millilitre → litre,Learner does not know how to convert millilitre into litre.,,
CP005,Capacity ,Units of capacity,Common units of capacity,Unit Conversion,Millilitre → Centilitre,Learner does not know how to convert millilitre into centilitre.,,
CP006,Capacity ,Units of capacity,Common units of capacity,Unit Conversion,Centilitre → Millilitre,Learner does not know how to convert centilitre into millilitre.,,
CP007,Capacity ,Units of capacity,Special units of capacity,Unit Conversion,Litre → Decalitre,Learner does not know how to convert litre into decalitre.,,
CP008,Capacity ,Units of capacity,Special units of capacity,Unit Conversion,Decalitre → Litre,Learner does not know how to convert decalitre into litre.,,
CP009,Capacity ,Units of capacity,Special units of capacity,Unit Conversion,Litre → Hectolitre,Learner does not know how to convert litre to hectolitre. ,,
CP010,Capacity ,Units of capacity,Special units of capacity,Unit Conversion,Hectolitre  → Litre,Learner does not know how to convert hectolitre to litre. ,,
CP011,Capacity ,Units of capacity,Common units of capacity,Unit Conversion,Litre → Kilolitre,Learner does not know how to convert litre to kilolitre.,,
CP012,Capacity ,Units of capacity,Common units of capacity,Unit Conversion,Kilolitre → Litre,Learner does not know how to convert kilolitre to litre.,,
CP013,Capacity ,Units of capacity,Special units of capacity,Unit Conversion,Millilitre → Decilitre,Learner does not know how to convert millilitre to decilitre.,,
CP014,Capacity ,Units of capacity,Special units of capacity,Unit Conversion,Decilitre → Millilitre,Learner does not know how to convert decilitre to millilitre.,,
CP015,Capacity ,Units of capacity,Special units of capacity,Unit Conversion,Relation between multiple units,"Learner is not able to figure the relationship between multiple units.""Example: Learner does not know how many mililitres makes a kilolitre.",,
,,,,,,,,
CP016,Capacity ,Addition of capacity,Addition of capacity with conversion,Addition of capacity,Conversion in addition,Learner does not know how to perform addition of capacity when conversion of units is involved.,,
CP017,Capacity ,Subtraction of capacity,Subtraction of capacity with conversion,Subtraction of capacity,Conversion in Subtraction,Learner does not know to perform subtraction of capacity when conversion of units is involved.,,
CP018,Capacity ,Multiplication and Division of capacity,Multiplication of capacity,Multiplication of capacity,Multiply with conversion,Learner does not know to perform multiplication of capacity when conversion of units is involved.,,
CP019,Capacity ,Multiplication and Division of capacity,Division of capacity,Division of capacity,Divide with conversion,Learner does not know to perform division of capacity when conversion of units is involved.,,
CP020,Capacity ,Introduction to capacity,Concept of capacity,Application of capacity,Real life application,Learner is not able to apply the concept of capacity in real life applications.,,
CP021,Capacity ,Introduction to capacity,Concept of capacity,Estimaton of capacity,Estimaton of capacity,Learner is unable to estimate the capacity of liquids of different quantities.,,
CP022,Capacity ,Units of capacity,Special units of capacity,Unit Conversion,Conversion to Fluid ounce to Pint,Learner does not know how to convert fluid ounce to pint.,,
CP023,Capacity ,Units of capacity,Special units of capacity,Unit Conversion,Conversion of Pint to Quart,Learner does not know how to convert pint to quart.,,
CP024,Capacity ,Units of capacity,Special units of capacity,Unit Conversion,Conversion of Quart to Gallon,Learner does not know how to convert quart to gallon.,,
CP025,Capacity ,Units of capacity,Special units of capacity,Unit Conversion,Conversion of Gallon to Pint,Learner does not know how to convert gallon to pint.,,
CP026,Capacity ,Units of capacity,Special units of capacity,Unit Conversion,Conversion of Gallon to Litre,Learner does not know how to convert gallon to litre.,,
CP027,Capacity ,Units of capacity,Special units of capacity,Unit Conversion,Conversion of Litre to Gallon,Learner does not know how to convert litre to gallon.,,
,,,,,,,,
,,,,,,,,
,,,,,,,,
,,,,,,,,
,,,,,,,,
,,,,,,,,
,,,,,,,,
,,,,,,,,
,,,,,,,,
,,,,,,,,