Capacity (CP),,,,,,
Subconcepts,Sub Sub Concept,Scope Items,Tentative Primary LDs,Tentative Grades,,
Introduction to capacity,Concept of capacity,"Concept of liquid and types of liquid.
Need for measuring liquids
Meaning and differentiation between less and more. 
Estimate/sense the capacity of liquids.",1,"2,3",,
Introduction to capacity,Measuring devices,"Identify different containers and devices(formal and informal) used to measure the capacity. 
Basic units on the measuring devices like
millilitre, litre, kilolitre.",,,,
Units of capacity,Common units of capacity,"Conversion which involves millitre, centilitre, litre, kilolitre, megalitre.
Relation between multiple units.
Estimation and comparison of common units",1,"3,4,5",,
Units of capacity,Special units of capacity,"Conversions which involves fluid ounce, pint, quart,gallon.
Conversion which involves decilitre, decalitre, hectolitre
Relation between multiple conversion
Estimation and comparison of common units",1,"3,4,5",,
Addition of capacity,Addition of capacity without conversion,"Addition without conversion
Use of all the units",1,"2,3,4,5",,
Addition of capacity,Addition of capacity with conversion,"Addition with conversion
Relation between multiple units
Use of all the units",1,"2,3,4,5",,
Subtraction of capacity,Subtraction of capacity without conversion,"Subtraction without conversion
Use of all the units",1,"2,3,4,5",,
Subtraction of capacity,Subtraction of capacity with conversion,"Subtraction with conversion
Relation between multiple units
Use of all the units",1,"2,3,4,5",,
Multiplication and Division of capacity,Multiplication of capacity,"Multiplication with and without conversion
Use of all the units
Relation between multiple units",1,"3,4,5",,
Multiplication and Division of capacity,Division of capacity,"Division with and without conversion
Use of all the units
Relation between multiple units",1,"3,4,5",,
,,,1,,,
,,,,,,
,,,,,,
,,,,,,
,,,,,,
,,,,,,
,,,,,,
,,,,,,
,,,,,,
,,,,,,
,,,,,,