Capacity (CP),,,,,
SSC,Dependency,,,,
Concept of capacity,,,,,
Measuring devices,Concept of capacity,,,,
Common units of capacity,Measuring devices,,,,
Special units of capacity,Measuring devices,,,,
Special units of capacity,Common units of capacity,,,,
Addition of capacity without conversion,Measuring devices,,,,
Addition of capacity with conversion,Common units of capacity,,,,
Addition of capacity with conversion,Special units of capacity,,,,
Addition of capacity with conversion,Addition of capacity without conversion,,,,
Subtraction of capacity without conversion,Measuring devices,,,,
Subtraction of capacity with conversion,Common units of capacity,,,,
Subtraction of capacity with conversion,Special units of capacity,,,,
Subtraction of capacity with conversion,Subtraction of capacity without conversion,,,,
Multiplication of capacity,Addition of capacity with conversion,,,,
Multiplication of capacity,Common units of capacity,,,,
Multiplication of capacity,Special units of capacity,,,,
Division of capacity,Subtraction of capacity with conversion,,,,
Division of capacity,Common units of capacity,,,,
Division of capacity,Special units of capacity,,,,
,,,,,
,,,,,
,,,,,
,,,,,
,,,,,
,,,,,
,,,,,
,,,,,
,,,,,
,,,,,