Capacity (CP),,,,,,,,
Subconcept,Dependency,,,,,,,
Introduction to capacity,,,,,,,,
Units of capacity,Introduction to capacity,,,,,,,
Addition of capacity,Introduction to capacity,,,,,,,
Addition of capacity,Units of capacity,,,,,,,
Subtraction of capacity,Introduction to capacity,,,,,,,
Subtraction of capacity,Units of capacity,,,,,,,
Multiplication and Division of capacity,Addition of capacity,,,,,,,
Multiplication and Division of capacity,Subtraction of capacity,,,,,,,
,,,,,,,,
,,,,,,,,
,,,,,,,,
,,,,,,,,
,,,,,,,,
,,,,,,,,
,,,,,,,,
,,,,,,,,
,,,,,,,,
,,,,,,,,