Multiplication(ML),,,,,,,,
LD Code,OLD LD,Concept,Subconcept,Sub Sub Concept,Class Category,Error Category,Teacher / Parent Description,Example
ML001,,Multiplication,Introduction to multiplication,Repeated addition,Repeated addtion,Concept of repeated addition,Learner is unable to solve those problems which involves repeated addition.,
ML002,,Multiplication,Introduction to multiplication,Repeated addition,Terms in multiplication,Terms used in multiplication,"Learner is unable to identify the multiplicand, multiplier and product between two numbers.",
ML003,,Multiplication,Multiplication Methods,Multiplication on number line,Numberline,Multiplication in numberline,Learner is unable to judge the movement on a numberline while performing multiplication,
ML004,,Multiplication,Multiplication Methods,Gelosia Method of multiplication,Gelosia method,Gelosia method,Learner does not know Gelosia method of muliplication.,
ML005,,Multiplication,Properties of multiplication,Multiplication properties,Commutative property of multiplication,Application of commutative property ,"Learner may know the communicative property of multiplication but fails to simplify while multiplying.
Example: Learner state that 9 × 4 = 36 with relative ease, but struggle to find the product of 4 × 9.",
ML006,,Multiplication,Properties of multiplication,Multiplication properties,Associative property of multiplication,Application of associative property,"Learner may know the associative property of multiplication but fails to apply it to simplify the while multiplying.
Example: Learner able to find the product of three or more numbers, such as
8 × 13 × 5, because they fail to recognize that it is much easier to multiply the numbers in a different order.",
ML007,,Multiplication,Properties of multiplication,Multiplication properties,Multiplication of zeros,Multiplication by zero,Learner does not know that the product of any number which is multiplied by 0 is 0,
ML008,,Multiplication,Properties of multiplication,Multiplication properties,Multiplication by one,Multiplication by one,Learner does not know that the product of any number which is multiplied by 1 is the number itself.,
ML009,,Multiplication,Multiplication tables,Tables,Multiplication tables,Tables,Learner is unable to recollect the facts of multiplication tables.,
ML010,,Multiplication,Multiplication tables,Multiplication of single digits,Application of multiplication,Comprehension of Multiplication,Learner is unable to identify multiplication operations in real life problems.,
,,,,,,,,
ML011,,Multiplication,Multiply by powers of ten,Multiply by tens hundreds and thousands,Multiplication of powers of 10,Multiples of powers of 10,"Learner does not know the shortest way to multiply by powers of ten. For e.g. to find the products of numbers like 3 × 50 = 150 or 30 × 50 = 1,500, students must “work out the product” using a long method of computation.",
,,Multiplication,,,,,,
ML012,,Multiplication,Multiplication of 2 digit numbers,Multiplication of 2 digit by 2 digit,Mulitplication rules,Generalising multiplication rule,"Learner generalizes the method of single-digit multiplication and even applies it while performing multi digit multiplication, by multiplying each column the way it is done in single-digit multiplication.",
ML013,,Multiplication,Multiplication of 2 digit numbers,Multiplication of 2 digit by 2 digit,Mulitplication rules,Equivalent mulitplication,"Learner is able to find the product 12 × 15 because they do not realize that they can instead perform the equivalent using much easier computation, 6 × 30.",
ML014,,Multiplication,Multiplication of 2 digit numbers,Multiplication of 2 digit by 2 digit,Place value,Importance of place value,"Learner multiplies each digit as if it is represented as a number of ""ones"" and hence ignores the place value completely.",
,,,,,,,,
,,,,,,,,
ML015,,Multiplication,Multiplication of 2 digit numbers,Multiplication of 2 digit by 2 digit,Carryover interpretation,Interpretation of carrying numbers,"Learner does not know the concept of carry forward in multiplication.
Example:  The first step (multiplying by ones) is done correctly, but the same carry numbers are used for regrouping again when multiplying by 10s whether it is appropriate or not.",
,,,,,,,,
ML016,,Multiplication,Multiplication of 2 digit numbers,Multiplication of 2 digit by 2 digit,Muliplying the carryover,Muliplying the carryover,Learner multiplies the multiplicand using the carry forward number instead of zero,
,,,,,,,,
ML017,,Multiplication,Multiplication of 2 digit numbers,Multiplication of 2 digit by single digit,Procedure while carry,Procedure while carry,"Learner does not know to multiply when there is a carry.
Example: 27x9=1827",
ML018,,Multiplication,Multiplication of 2 digit numbers,Multiplication of 2 digit by 2 digit,Omition of zero in tens digit,Omission of zero in tens digit,"Learner does not know the importance of place value. and hence misses applying the initial zero while multiplying by the tens digit.
Example: 14 x 14 = 50 (36+14)",
ML019,,Multiplication,Multiplication of 2 digit numbers,Multiplication of 2 digit by 2 digit,Confused algorithm,Multiplication rule,Learner does not multiply in the right order. Random place value are choosen and multiplied.,
ML020,,Multiplication,Multiply by powers of ten,Multiply by tens hundreds and thousands,Multiplication by tens,Missing zeros ,"Learner forgets to include all zeros while multiplying by powers of ten..
Example: 20 x 50 = 100",
ML021,,Multiplication,Multiply by powers of ten,Multiply by tens hundreds and thousands,Multiplication by tens,Multiplying ten times ten ,Learner does not know that consecutive multiplication of 10 leads to multiplication of 100. ,
ML022,,Multiplication,Multiply by powers of ten,Multiply by tens hundreds and thousands,Multiplication by tens,Concept of TIMES,"Learner fails to understand that multiplication by 10 is 10 times more. 
Example: Connection between 4 x 3 and 40 x 3 is 10 times bigger because the number being multiplied is 10 times bigger.",
ML023,,Multiplication,Multiplication of 2 digit numbers,Multiplication of 2 digit by single digit,Place value,Zeros in the middle,"Learner is unable to multiply by zero when it is present in the middle of the given number. 
Example: 102x2, or 28x107, they could miss operating on the zero in the middle.",
ML024,"MS503,MS590",Multiplication,Multiplication tables,Multiplication of single digits,Procedure of multiplication,Generic multiplication,Learner is unable to do multiplication correctly.,
,,,,,,,,
,,,,,,,,
,,,,,,,,
,,,,,,,,
,,,,,,,,
,,,,,,,,
,,,,,,,,
,,,,,,,,
,,,,,,,,
,,,,,,,,
,,,,,,,,
,,,,,,,,
,,,,,,,,
,,,,,,,,
,,,,,,,,
,,,,,,,,
,,,,,,,,
,,,,,,,,
,,,,,,,,
,,,,,,,,
,,,,,,,,
,,,,,,,,
,,,,,,,,
,,,,,,,,
,,,,,,,,
,,,,,,,,
,,,,,,,,
,,,,,,,,
,,,,,,,,
,,,,,,,,
,,,,,,,,
,,,,,,,,
,,,,,,,,
,,,,,,,,
,,,,,,,,
,,,,,,,,
,,,,,,,,
,,,,,,,,
,,,,,,,,
,,,,,,,,
,,,,,,,,
,,,,,,,,
,,,,,,,,
,,,,,,,,
,,,,,,,,
,,,,,,,,
,,,,,,,,
,,,,,,,,
,,,,,,,,
,,,,,,,,
,,,,,,,,
,,,,,,,,
,,,,,,,,
,,,,,,,,
,,,,,,,,
,,,,,,,,
,,,,,,,,
,,,,,,,,
,,,,,,,,
,,,,,,,,
,,,,,,,,
,,,,,,,,
,,,,,,,,
,,,,,,,,
,,,,,,,,
,,,,,,,,
,,,,,,,,
,,,,,,,,
,,,,,,,,
,,,,,,,,
,,,,,,,,
,,,,,,,,
,,,,,,,,
,,,,,,,,
,,,,,,,,
,,,,,,,,
,,,,,,,,
,,,,,,,,
,,,,,,,,
,,,,,,,,
,,,,,,,,
,,,,,,,,
,,,,,,,,
,,,,,,,,
,,,,,,,,
,,,,,,,,
,,,,,,,,
,,,,,,,,
,,,,,,,,
,,,,,,,,
,,,,,,,,
,,,,,,,,
,,,,,,,,
,,,,,,,,
,,,,,,,,
,,,,,,,,
,,,,,,,,
,,,,,,,,
,,,,,,,,
,,,,,,,,