Multiplication(ML),,,,,,,,
Subconcepts,Sub Sub Concept,Scope Items,Tentative Primary LDs,,,,,
Introduction to multiplication,Repeated addition,"Multiplicand
Multiplier
Product
Using different real life things to group them and do repeated addition.",,,,,,
Multiplication tables,Tables,"Only multiplication tables from 2 to 10
Can also include Multiplication tables from 11 to 20",,,,,,
Multiplication tables,Multiplication of single digits,"Random multiplication of single digits
Use time based questions, video tutorials.
Multiplication of 3 or more numbers(result not exceeding 2-digit)",,,,,,
Multiplication Methods,Multiplication on number line,Multiplication using number line,,,,,,
Multiplication Methods,Gelosia Method of multiplication,We will have this method for large Numbers,,,,,,
Properties of multiplication,Multiplication properties,"Commutative(order of multiplication)
Associative
Number X 0 = 0
0 X Number = 0
Multiplication by1",,,,,,
Multiplication of 2 digit numbers,Multiplication of 2 digit by single digit,"With carry, without carry
Using box method
Multiplication of 3 or more numbers(result not exceeding 3-digit)",,,,,,
Multiplication of 2 digit numbers,Multiplication of 2 digit by 2 digit,"With carry, without carry
Using box method
Multiplication of 3 or more numbers(result not exceeding 3-digit)",,,,,,
Multiplication of 3 digit numbers,Multiplication of 3 digit by single digit,"With carry, without carry
Using box method
Multiplication of 3 or more numbers(result not exceeding 4-digit)",,,,,,
Multiplication of 3 digit numbers,Multiplication of 3 digit by 2 digit,"With carry, without carry
Multiplication of 3 or more numbers(result not exceeding 5-digit)",,,,,,
Multiplication of 3 digit numbers,Multiplication of 3 digit by 3 digit,"With carry, without carry
Multiplication of 3 or more numbers(result not exceeding 6-digit)",,,,,,
Multiplication of 4 digit numbers,Multiplication of 4 digit by single digit,"With carry, without carry
Using box method
Multiplication of 3 or more numbers(result not exceeding 5-digit)",,,,,,
Multiplication of 4 digit numbers,Multiplication of 4 digit by 2 digit,"With carry, without carry
Multiplication of 3 or more numbers(result not exceeding 7-digit)",,,,,,
Multiplication of 4 digit numbers,Multiplication of 4 digit by 3 digit,"With carry, without carry
Multiplication of 3 or more numbers(result not exceeding 7-digit)",,,,,,
Multiplication of 4 digit numbers,Multiplication of 4 digit by 4 digit,"With carry, without carry
Multiplication of 3 or more numbers(result not exceeding 8-digit)",,,,,,
Multiply by powers of ten,Multiply by tens hundreds and thousands,"Multiplication of 10
Multiplication of 20, 30….. 90
Combination like 250, 1500, 3550
Multiplication of 100
Multiplication of 200, 300, …. 900 and more
Multiplication of 1000
Multiplication of 2000, 3000, …. 9000 and more",,,,,,
Multiplication of large numbers,Multiplication of 5 digits and above,"With carry, without carry",,,,,,
Word problems,Multiplication word problems,"Multiplication of single digits.
Multiplication of 2 digit by single digit.
Multiplication of 2 digit by 2 digit.
Multiplication of 3 digit by single digit.
Multiplication of 3 digit by 2 digit.
Multiplication of 3 digit by 3 digit.
Multiplication of 4 digit by single digit.
Multiplication of 4 digit by 2 digit.
Multiplication of 4 digit by 3 digit.
Multiplication of 4 digit by 4 digit.
Multiplication of 5 digits and above.
All with and without carry.",,,,,,
,,,,,,,,
,,,,,,,,
,,,,,,,,
,,,,,,,,
,,,,,,,,
,,,,,,,,
,,,,,,,,
,,,,,,,,
,,,,,,,,
,,,,,,,,