Multiplication(ML),,,,
SSC,Dependency,,,
Repeated addition,,,,
Tables,Repeated addition,,,
Multiplication of single digits,Repeated addition,,,
Multiplication of single digits,Tables,,,
Multiplication on number line,Tables,,,
Multiplication on number line,Multiplication of single digits,,,
Gelosia Method of multiplication,Tables,,,
Gelosia Method of multiplication,Multiplication of single digits,,,
Multiplication properties,Tables,,,
Multiplication of 2 digit by single digit,Multiplication of single digits,,,
Multiplication of 2 digit by 2 digit,Multiplication of 2 digit by single digit,,,
Multiplication of 3 digit by single digit,Multiplication of single digits,,,
Multiplication of 3 digit by 2 digit,Multiplication of 3 digit by single digit,,,
Multiplication of 3 digit by 3 digit,Multiplication of 3 digit by 2 digit,,,
Multiplication of 4 digit by single digit,Multiplication of single digits,,,
Multiplication of 4 digit by 2 digit,Multiplication of 4 digit by single digit,,,
Multiplication of 4 digit by 3 digit,Multiplication of 4 digit by 2 digit,,,
Multiplication of 4 digit by 4 digit,Multiplication of 4 digit by 3 digit,,,
Multiply by tens hundreds and thousands,Multiplication properties,,,
Multiplication of 5 digits and above,Multiplication of 4 digit by 4 digit,,,
Multiplication word problems,Multiplication of 2 digit by 2 digit,,,
Multiplication word problems,Multiplication of 3 digit by 3 digit,,,
Multiplication word problems,Multiplication of 4 digit by 4 digit,,,
Multiplication word problems,Multiply by tens hundreds and thousands,,,
Multiplication word problems,Multiplication of 5 digits and above,,,
,,,,
,,,,
,,,,
,,,,
,,,,
,,,,
,,,,
,,,,
,,,,
,,,,