Multiplication(ML),,,,,,,,,
Subconcept,Dependency,,,,,,,,
Introduction to multiplication,,,,,,,,,
Multiplication tables,Introduction to multiplication,,,,,,,,
Multiplication Methods,Introduction to multiplication,,,,,,,,
Multiplication Methods,Multiplication tables,,,,,,,,
Properties of multiplication,Multiplication Methods,,,,,,,,
Multiplication of 2 digit numbers,Multiplication Methods,,,,,,,,
Multiplication of 3 digit numbers,Multiplication Methods,,,,,,,,
Multiplication of 4 digit numbers,Multiplication Methods,,,,,,,,
Multiply by powers of ten,Properties of multiplication,,,,,,,,
Multiplication of large numbers,Multiplication Methods,,,,,,,,
Multiplication of large numbers,Multiplication tables,,,,,,,,
Word problems,Multiplication of 2 digit numbers,,,,,,,,
Word problems,Multiplication of 3 digit numbers,,,,,,,,
Word problems,Multiplication of 4 digit numbers,,,,,,,,
Word problems,Multiply by powers of ten,,,,,,,,
Word problems,Multiplication of large numbers,,,,,,,,
,,,,,,,,,
,,,,,,,,,
,,,,,,,,,
,,,,,,,,,
,,,,,,,,,
,,,,,,,,,
,,,,,,,,,
,,,,,,,,,
,,,,,,,,,
,,,,,,,,,