Group,Order Within Group,Concepts in Mathematics,Concept Code,
Arithmetic,1,Number System,NS,
Arithmetic,2,Addition,AT,
Arithmetic,3,Subtraction,SB,
Arithmetic,4,Multiplication,ML,
Arithmetic,5,Division,DI,
Arithmetic,6,Fractions,FC,
Arithmetic,7,Money,MO,
Arithmetic,8,Time,TI,
Arithmetic,9,Length,MS,
Arithmetic,10,Weight,WT,
Arithmetic,11,Capacity,CP,
Geometry,1,Shapes,GI,
Geometry,2,Points and Lines,PS,
Geometry,4,Triangles,TS,
Common Concepts,1,Patterns,RE,
Statistics,1,Data Handling,DH,
,,,,