Mathematics(MH),,,,
Concept,Dependency,,,
Number System,,retain,,
Addition,,retain,,
Addition,Number System,retain,,
Subtraction,,retain,,
Subtraction,Number System,retain,,
Multiplication,,retain,,
Multiplication,Addition,retain,,
Division,,retain,,
Division,Multiplication,retain,,
Division,Subtraction        ,retain,,
Fractions,,retain,,
Fractions,Number System,retain,,
Fractions,Addition,retain,,
Fractions,Subtraction        ,retain,,
Fractions,Multiplication,retain,,
Fractions,Division,retain,,
Money,,retain,,
Money,Number System,retain,,
Money,Addition,retain,,
Money,Subtraction        ,retain,,
Money,Multiplication,retain,,
Money,Division,retain,,
Money,Fractions,retain,,
Time,,retain,,
Time,Number System,retain,,
Time,Addition,retain,,
Time,Subtraction        ,retain,,
Time,Multiplication,retain,,
Time,Division,retain,,
Time,Fractions,retain,,
Length,,retain,,
Length,Number System,retain,,
Length,Addition,retain,,
Length,Subtraction        ,retain,,
Length,Multiplication,retain,,
Length,Division,retain,,
Length,Fractions,retain,,
Weight,,retain,,
Weight,Number System,retain,,
Weight,Addition,retain,,
Weight,Subtraction        ,retain,,
Weight,Multiplication,retain,,
Weight,Division,retain,,
Weight,Fractions,retain,,
Capacity,,retain,,
Capacity,Number System,retain,,
Capacity,Addition,retain,,
Capacity,Subtraction        ,retain,,
Capacity,Multiplication,retain,,
Capacity,Division,retain,,
Capacity,Fractions,retain,,
Points and Lines,,retain,,
Points and Lines,Number System,retain,,
Points and Lines,Length,retain,,
Shapes,,retain,,
Shapes,Number System,retain,,
Shapes,Points and Lines,retain,,
Triangles,,retain,,
Triangles,Shapes,retain,,
Patterns,,retain,,
Patterns,Number System,retain,,
Patterns,Addition,retain,,
Patterns,Subtraction        ,retain,,
Patterns,Multiplication,retain,,
Patterns,Division,retain,,
Patterns,Fractions,retain,,
Patterns,Shapes,retain,,
Patterns,Points and Lines,retain,,
Data Handling,,retain,,
Data Handling,Number System,retain,,
Data Handling,Addition,retain,,
Data Handling,Subtraction        ,retain,,
Data Handling,Multiplication,retain,,
Data Handling,Division,retain,,
Data Handling,Fractions,retain,,