Mathematics(MH),,,,
LD Code,Class Category,Error Category,Teacher / Parent Description,
MH001,Common Errors,Careless Mistake,Learner is careless in solving problems. Makes simple errors while using the given data.,
MH002,Common Errors,Incorrect Input,Learner provides an incorrect input. Example: The student inputs a text instead of number or vice versa,
MH003,Common Errors,Incorrect Units,Learner has either missed or not given the appropriate units of measurement,
MH004,Common Errors,Simplification Error,Learner is not able to simplify one or more operations.,
MH005,Common Errors,Incorrect sign,Learner is not able to apply the correct sign for the value.,
MH006,Common Errors,Comprehension,Learner is unable to comprehend the given problem.,
MH007,Common Errors,Algebraic Simplification,Learner is unable to simplify the given algebraic expression or equation.,
MH008,Common Errors,Geometrical Properties,Learner is unable to apply the appropriate geometric property for the given problem.,
MH009,Common Errors,Final step,Learner has not reduced the solution to the final answer.,
MH010,Common Errors,Linguistic Error,Learner has made a linguistic error.,