Time(TI),,,,,,,,,
LD Code,Concept,Subconcept,Sub Sub Concept,Class Category,Error Category,Teacher / Parent Description,Example,Comments,Source
TI001,Time,Introduction to time,Concept of time,Hands in clock,Hands in clock,"Learner is not able to recognize the minute, second and hour hand in the clock.",,,
TI002,Time,Introduction to time,Concept of time,Telling time,Named time,Learner does not know how to read and inform time in an informally way (using quarter past/quarter/half past to etc.),"1. How do say the time 6:15
a. quarter past 6
b. quarter to 6",,
TI003,Time,Introduction to time,Concept of time,Representation of time,Digital representation,Learner does not know how to interpret time in a digital watch.,,,
TI004,Time,Introduction to time,Concept of time,Representation of time,Interpret time,Learner does not know to interpret correct time in an analog clock.,,,
TI005,Time,Introduction to time,Concept of time,Time reference,Estimation of time,Learner is not able to estimate the time taken for a particular activity.,,,
TI006,Time,Introduction to time,Concept of time,Time reference,Specific time of a day,"Learner is not aware of the time corresponding to the time of the day.
Example: Morning, Night, Noon, Midnight, Yesterday, Today, Tomorrow etc.",,,
TI017,Time,Introduction to time,Concept of time,Time reference,Concept of A.M and P.M,Learner does not know the concept of A.M and P.M,,,
TI020,Time,Introduction to time,Concept of time,Time reference,Midnight as P.M,Learner mistakes midnight as P.M.,,,
TI021,Time,Units of time,Different units of time,Conversion of time,Minutes →Seconds,Learner does not know how to convert minutes to seconds.,,,
TI022,Time,Units of time,Different units of time,Conversion of time,Seconds →Minutes,Learner does not know how to convert seconds to minutes.,,,
TI023,Time,Units of time,Different units of time,Conversion of time,Minutes →Hours,Learner does not know how to convert minutes to hours.,,,
TI024,Time,Units of time,Different units of time,Conversion of time,Hours →Minutes,Learner does not know how to convert hours to minutes.,,,
TI025,Time,Units of time,Different units of time,Conversion of time,Hours→Seconds,Learner does not know how to convert hours to seconds.,,,
TI026,Time,Units of time,Different units of time,Conversion of time,Seconds→Hours,Learner does not know how to convert seconds to hours.,,,
TI027,Time,Units of time,Different units of time,Conversion of time,Days→Weeks,Learner does not know how to convert days to weeks.,,,
TI028,Time,Units of time,Different units of time,Conversion of time,Weeks→Days,Learner does not know how to convert weeks to days.,,,
TI029,Time,Units of time,Different units of time,Conversion of time,Days→Hours,Learner does not know how to convert days to hours.,,,
TI030,Time,Units of time,Different units of time,Conversion of time,Hours→Days,Learner does not know how to convert hours to days.,,,
TI031,Time,Units of time,Different units of time,Conversion of time,Day→Minutes,Learner does not know how to convert day to minutes.,,,
TI032,Time,Units of time,Different units of time,Conversion of time,Minutes→Day,Learner does not know how many minutes are there in a day.,,,
TI033,Time,Units of time,Different units of time,Conversion of time,Days→Month,Learner does not know how to convert days to month.,,,
TI034,Time,Units of time,Different units of time,Conversion of time,Months→Days,Learner does not know how to convert months into days.,,,
TI035,Time,Units of time,Different units of time,Conversion of time,Days→Year,Learner does not know how to convert days to year.,,,
TI036,Time,Units of time,Different units of time,Conversion of time,Years → Days,Learner does not know how to convert years to days.,,,
TI037,Time,Units of time,Different units of time,Conversion of time,Years →Decade,Learner does not know how to convert years to decade.,,,
TI038,Time,Units of time,Different units of time,Conversion of time,Decade→Years,Learner does not know how to convert decades to years.,,,
TI039,Time,Units of time,Different units of time,Conversion of time,Decade → Millennium,Learner does not know how to convert decades to millenniums.,,,
TI040,Time,Units of time,Different units of time,Conversion of time,Millennium → Decade,Learner does not know how to convert millenniums to decades.,,,
TI041,Time,Units of time,Different units of time,Conversion of time,Century → Millennium,Learner does not know how to convert century to millennium.,,,
TI042,Time,Units of time,Different units of time,Conversion of time,Millennium →Century,Learner does not know how to convert millennium to century.,,,
TI043,Time,Units of time,Different units of time,Conversion of time,Years → Millennium,Learner does not know how to convert years to millennium.,,,
TI044,Time,Units of time,Different units of time,Conversion of time,Millennium → Years,Learner does not know how to convert millennium to years.,,,
TI045,Time,Units of time,Different units of time,Conversion of time,Years → Century,Learner does not know how to convert years to century.,,,
TI046,Time,Units of time,Different units of time,Conversion of time,Century → Years,Learner does not know how to convert century to years.,,,
TI047,Time,Units of time,Different units of time,Conversion of time,Weeks → Year,Learner does not know how to convert weeks to year.,,,
TI048,Time,Units of time,Different units of time,Conversion of time,Year → Week,Learner does not know how to convert years to weeks.,,,
TI049,Time,Units of time,Different units of time,Conversion of time,SI Unit of time,Learner does not know that SI unit of time is second(s).,,,
TI050,Time,Units of time,Different units of time,Conversion of time,Months→Year,Learner does not know how to convert months to years.,,,
TI051,Time,Units of time,Different units of time,Conversion of time,Year→Months,Learner does not know how to convert years to months.,,,
TI052,Time,Calendar,Elements in calendar,Calendar,Read calendar,Learner does not know to read the calendar.,What day is 15th Jan in the given calendar?,,
TI053,Time,Calendar,Elements in calendar,Calendar,Duration between dates,Learner is not able to compute the period between 2 dates.,"How many days are there between Dec 11, 2013 and Feb 1,2014?",,
TI054,Time,Calendar,Elements in calendar,Calendar,DD/MM/YYYY format,Learner is not aware of the format of date i.e. DD/MM/YYYY.,Write 8th of July 2014 in format DD/MM/YYYY,,
TI055,Time,Calendar,Elements in calendar,Calendar,MM/DD/YYYY format,Learner does not know the format of date MM/DD/YYYY.,"To which format does this date belong to?
6/30/2014
a. DD/MM/YYYY
b.MM/DD/YYYY",,
TI056,Time,Calendar,Elements in calendar,Specific terms,Days of the week,Learner is not aware of different days of the week.,"What are the seven days of the week?
1. Mon, Tue, Wed, Thu, Fri, Sat, Sun
2. Today, Tommorow, Yesterday, Day before, Day after.",,
TI057,Time,Calendar,Elements in calendar,Specific terms,Order of days,Learner does not know the order of days of a week.,"Arrange in correct order:
Mon,Wed,Thu,Fri,Sun,Sat,Tue",,
TI058,Time,Calendar,Elements in calendar,Specific terms,Months of year.,Learner does not know the months of a year.,Same example as days,,
TI059,Time,Calendar,Elements in calendar,Specific terms,Order of months,Learner does not know the order of the months of the year.,Same exampe as days,,
TI060,Time,Calendar,Elements in calendar,Specific terms,Leap year concept,Learner does not know the concept of a leap year.,,,
TI061,Time,Calendar,Elements in calendar,Specific terms,Special february,Learner does not know how many days are there in the month of February during a leap year.,,,
TI062,Time,Calendar,Elements in calendar,Specific terms,Non Leap Year,Learner does not know that if a year is a multiple of 100 and not 400 then it is not a leap year.,,,
TI063,Time,Calendar,Events,Specific terms,Concept of Fortnight,Learner does not know the concept of a fortnight.,,,
TI064,Time,Calendar,Events,Specific terms,Concept of Silver jubliee,Learner does not know the concept of silver jubilee.,,,
TI065,Time,Calendar,Events,Specific terms,Concept of Golden jubliee,Learner does not know the concept golden jubilee.,,,
TI066,Time,Calendar,Events,Specific terms,Concept of Platinum jubliee,Learner does not know the concept platinum jubilee.,,,
TI067,Time,Calendar,Events,Specific terms,Concept of Diamond jubliee,Learner does not know the concept diamond jubilee.,,,
TI068,Time,Calendar,Events,Specific terms,Anniversary,Learner does not know an anniversary means occurring on the same date once a year.,,,
TI069,Time,Calendar,Events,Specific terms,Quarterly,Learner does not know that quarterly means occurrence of an event once in 3 months.,,,
TI070,Time,Calendar,Events,Specific terms,Half yearly,Learner does not know that half yearly means occurrence of an event once in 6 months.,,,
TI071,Time,Calendar,Events,Specific terms,Annually,Learner does not understand the meaning of annually.,,,
TI072,Time,Calendar,Events,Specific terms,Binannually,Learner does not understand the meaning of biannualy.,,,
TI079,Time,Units of time,Different units of time,Time formats,12 hour → 24 hour,Learner does not know how to convert from 12 hour to 24 hour format.,,,
TI080,Time,Units of time,Different units of time,Time formats,24 hour → 12 hour,Learner does not know how to convert from 24 hour to 12 hour format.,,,
TI081,Time,Addition of time,Addition of time without conversion,Addition of time,Addition without conversion,Learner does not know how to add time without conversion.,,,
TI082,Time,Addition of time,Addition of time with conversion,Addition of time,Addition with conversion,Learner does not know how to add time with conversion.,,,
TI083,Time,Subtraction of time,Subtraction of time without conversion,Subtraction of time,Subtraction without conversion,Learner does not know how to subtract time without conversion.,,,
TI084,Time,Subtraction of time,Subtraction of time with conversion,Subtraction of time,Subtraction with conversion,Learner does not know how to subtract time with conversion.,,,
TI085,Time,Multiplication and Division of time,Multiplication of time ,Multiplication of time,Multiplication without conversion,Learner does not know how to multiply using time without conversion.,,,
TI086,Time,Multiplication and Division of time,Multiplication of time ,Multiplication of time,Mulitplication with conversion,Learner does not know how to multiply using time with conversion.,,,
TI087,Time,Multiplication and Division of time,Division of time,Division of time,Division without conversion,Learner does not know how to divide using time without conversion.,,,
TI088,Time,Multiplication and Division of time,Division of time,Division of time,Division with conversion,Learner does not know how to divide using time with conversion.,,,
TI089,Time,Calendar,Events,Specific terms,Bi-weekly,Learner does not understand the meaning of bi-weekly.,,,
TI091,Time,Introduction to time,Concept of time,Concept of time,Concept of time taken for a work,Learner is not aware of the concept of time taken.,,,
TI090,Time,Calendar,Events,Specific terms,Bi-monthly,Learner does not understand the meaning of bi-monthly.,,,
,,,,,,,,,
,,,,,,,,,
,,,,,,,,,
,,,,,,,,,
,,,,,,,,,
,,,,,,,,,
,,,,,,,,,
,,,,,,,,,
,,,,,,,,,
,,,,,,,,,