Time(TI),,,,,
Subconcepts,Sub Sub Concept,Scope Items,Tentative Primary LDs,,
Introduction to time,Concept of time,"Sense of time
Hour-hand, Minute hand, Second hand
Reading Clocks(Digital and Analog)
SI Unit of time
Morning, Evening, Night, Midnight, Noon, Twilight
Earlier & Later
Yesterday, Today and Tomorrow
Anti Meridiem and Post Meridiem (A.M & P.M)
Time is unidirectional
Informal units : Sand-clocks, Time based on position of sun (+ sun dials)",1,,
Units of time,Different units of time,"Conversion of minutes to seconds and vice versa
Conversion of minutes to hours and vice versa
Conversion of hours to seconds and vice versa
Conversion of days to week and vice versa
Conversion of days to hours and vice versa
Conversion of day to minutes and vice versa
Conversion of days to month and vice versa
Conversion of month to year and vice versa
Conversion of days to year and vice versa
Conversion of years to decade and vice versa
Conversion of decade to century and vice versa
Conversion of years to century and vice versa
Conversion of decade to millennium and vice versa
Conversion of centuries to millennium and vice versa
Conversion of years to millennium
Conversion of weeks to years
Conversion of time from 12 hour format to 24 hour format and vice versa
Relation between multiple units
Millisecond, micro second, nano second, pico second, 1/100th of second etc
Comparison of time",2,,
Calendar,Elements in calendar,"Reading calendar
Period between dates
DD/MM/YYYY and American System: MM/DD/YYYY
Days in a week, Months in a year, Leap year",1,,
Calendar,Events,"Fortnight, Anniversary, Quarterly, Half Yearly, Annually and Biannually
Silver, Golden, Diamond, Platinum Jubilee",,,
Addition of time,Addition of time without conversion,"Addition of time without conversion using all the terms of time
Use of different terms in calendar ",1,,
Addition of time,Addition of time with conversion,"Addition of time with conversion using all the terms of time
Use of different terms in calendar ",1,,
Subtraction of time,Subtraction of time without conversion,"Subtraction of time without conversion using all the terms of time
Use of different terms in calendar ",1,,
Subtraction of time,Subtraction of time with conversion,"Subtraction of time with conversion using all the terms of time
Use of different terms in calendar ",1,,
Multiplication and Division of time,Multiplication of time ,"Multiplication of time with and without conversion using all the terms of time
Use of different terms in calendar ",1,,
Multiplication and Division of time,Division of time,"Division of time with conversion using all the terms of time
Use of different terms in the calendar 
Multiple operations with logical questions",1,,
,,,,,