Time(TI),,,,,
SSC,Dependency,,,,
Concept of time,,,,,
Different units of time,Concept of time,,,,
Elements in calendar,Different units of time,,,,
Events,Elements in calendar,,,,
Addition of time without conversion,Different units of time,,,,
Addition of time with conversion,Addition of time without conversion,,,,
Subtraction of time without conversion,Different units of time,,,,
Subtraction of time with conversion,Subtraction of time without conversion,,,,
Multiplication of time ,Addition of time with conversion,,,,
Division of time,Subtraction of time with conversion,,,,
,,,,,
,,,,,
,,,,,
,,,,,
,,,,,
,,,,,
,,,,,
,,,,,
,,,,,
,,,,,