GI001,,Shapes,Shapes Everywhere,Basics of Geometry,Basics of Geometry,Straight Lines and Curved Lines,Learner is not able to identify whether the given figures have straight lines or curved lines.,Give figures with straight and curved lines. Identify the number of straight lines.,,,,,,,,,,,,,,,,,
GI004,,Shapes,Understanding 3D Shapes,Euler's Formula,Solid Shapes,Number of faces in a solid,Learner is not able to identify the number of faces in the given solid.,Count the number of faces in the given figure. Child may leave the top and bottom.,,,,,,,,,,,,,,,,,
GI005,,Shapes,Shapes Everywhere,Applications of Geometry,Basics of Geometry,Real Life Applications,Learner is not able to identify the use of geometry in real life applications.,Given a hut / house with stick figures ask them to identify the number of lines.,,,,,,,,,,,,,,,,,
GI008,,Shapes,Lines and Curves,Drawing Lines and Curves,Basics of Geometry,Tracing Open Figures,Learner is not able to trace open figures.,Tracing the dots.,,,,,,,,,,,,,,,,,
GI009,,Shapes,Lines and Curves,Drawing Lines and Curves,Basics of Geometry,Tracing Closed Figures,Learner is not able to trace closed figures.,Joining the dots.,,,,,,,,,,,,,,,,,
GI010,,Shapes,Lines and Curves,Drawing Lines and Curves,Basics of Geometry,Tracing Solid Figures,Learner is not able to trace solid figures.,Joining the dots.,,,,,,,,,,,,,,,,,
GI011,,Shapes,Planar Geometry,Plane Geometry,Basics of Geometry,Planes,Learner does not understand the meaning of planes.,Planes identification in figures.,,,,,,,,,,,,,,,,,
GI013,,Shapes,Understanding 3D Shapes,Euler's Formula,Solid Shapes,Number of vertices in a solid,Learner is not able to identify the number of vertices in the given solid.,Find the number of vertices in the given figure.,,,,,,,,,,,,,,,,,
GI014,,Shapes,Understanding 3D Shapes,Euler's Formula,Solid Shapes,Number of edges in a solid,Learner is not able to identify the number of edges in the given solid.,Find the number of edges in the given figure.,,,,,,,,,,,,,,,,,
GI015,,Shapes,Shapes Everywhere,Solids and Shapes,Basics of Geometry,Edges and Vertices,Learner gets confused between the edges and vertices of the figure.,"Asked to find vertices, child gives the number of edges.",,,,,,,,,,,,,,,,,
GI007,,Shapes,Shapes Everywhere,Solids and Shapes,Basics of Geometry,Identification of a solid shape,Learner is not able to identify a solid shape from the given set of figures.,Identify the shape which has a circular bottom. Child not able to identify figure of cylinder.,,,,,,,,,,,,,,,,,
GI016,,Shapes,Shapes Everywhere,Solids and Shapes,Basics of Geometry,Lateral Faces,Learner leaves the top and bottom of the figure and gives only sum of the lateral faces.,Find the sum of the faces in the given figure.,,,,,,,,,,,,,,,,,
GI017,,Shapes,Shapes Everywhere,Solids and Shapes,Basics of Geometry,Hiding Faces of the figure,Learner is not able to count the hidden faces of the given figure.,Find the sum of the faces in the given figure.,,,,,,,,,,,,,,,,,
GI018,,Shapes,Shapes Everywhere,Solids and Shapes,Basics of Geometry,Lateral Faces count,Learner is not able to identify or count the correct number of lateral faces.,Identify / count lateral faces,,,,,,,,,,,,,,,,,
GI190,,Shapes,Lines and Curves,Open and Closed Figures,Open and Closed figures,Open and Closed Curves,Learner thinks that if any part of curve is closed then the curve is closed.,http://mathworld.wolfram.com/ClosedCurve.html,,,,,,,,,,,,,,,,,
GI004,,Shapes,Lines and Curves,Open and Closed Figures,Open and Closed figures,Simple Curve,Learner does not know that a simple curve is an open curve without intersection.,http://mathworld.wolfram.com/SimpleCurve.html,,,,,,,,,,,,,,,,,
GI005,,Shapes,Lines and Curves,Open and Closed Figures,Open and Closed figures,Closed curve,Learner does not know that a circle is the closed simple curve.,,,,,,,,,,,,,,,,,,
GI195,,Shapes,Shapes Everywhere,Solids and Shapes,Basics of Geometry,Parallel Planes,Learner is unable to identify parallel planes of a given object. ,,,,,,,,,,,,,,,,,,
GI196,,Shapes,Shapes Everywhere,Solids and Shapes,Basics of Geometry,Point of concurrence,Learner is unable to identify point of concurrence for a given plane.,,,,,,,,,,,,,,,,,,
GI021,,Shapes,Planar Geometry,Plane Geometry,Basics of Geometry,Basic shape of 3D,Learner is unable to identify the 3D shape that is got from the basic 2D shape.,,,,,,,,,,,,,,,,,,
NT077,,Shapes,Understanding 3D Shapes,Euler's Formula,Solid Shapes,Euler's formula,"Learner is unable to verify the Euler's Formula by counting the faces, edges and the vertices.",,,,,,,,,,,,,,,,,,
NT078,,Shapes,Understanding 3D Shapes,Euler's Formula,Solid Shapes,Euler's formula,Learner does not know that only regular polyhedrons will satisfy Euler's formula.,,,,,,,,,,,,,,,,,,
GI019,,Shapes,Understanding 2D Shapes,Basic Shapes and their Identification,Identifying 2D shape,Dimensions of 2D,Learner is not aware that any 2D shape has only 2 dimensions length and width that can be measured. ,,,,,,,,,,,,,,,,,,
GI020,,Shapes,Understanding 3D Shapes,Basic Solids and their Identification,Identifying 3D shape,Dimensions of 3D,"Learner is not aware that any 3D shape has only 3 dimensions length, height and width that can be measured. ",,,,,,,,,,,,,,,,,,
GI035,,Shapes,Understanding 3D Shapes,Introduction to Basic 3D Shapes,Sliding and rolling shapes,Shapes that can slide,Learner is not able to identify shapes which can slide.,,,,,,,,,,,,,,,,,,
GI036,,Shapes,Understanding 3D Shapes,Introduction to Basic 3D Shapes,Sliding and rolling shapes,Shapes that can roll,Learner is not able to identify shapes which can roll.,,,,,,,,,,,,,,,,,,
,,,,,,,,,,,,,,,,,,,,,,,,,
VS016,,Volume and Surface Area,Introduction to Volume and Surface Area,Concepts of Volume and Surface Area,Curved Surface Area,Straight Edge Shapes,Student does not know that cube and cuboidal shapes   will not roll.,Which shape will roll?,,,,,,,,,,,,,,,,,
VS017,,Volume and Surface Area,Introduction to Volume and Surface Area,Concepts of Volume and Surface Area,Curved Surface Area,Curve Edged Shapes,"Student does not know that shapes like cylinder, cone and sphere will roll.",Which shape will roll?,,,,,,,,,,,,,,,,,
VS030,,Volume and Surface Area,Introduction to Volume and Surface Area,Concepts of Volume and Surface Area,Cube,Faces of cube, ,Figures,,,,,,,,,,,,,,,,,
VS031,,Volume and Surface Area,Introduction to Volume and Surface Area,Concepts of Volume and Surface Area,Cube,Vertices of cube,Learner does not know that there are 8 vertices  for a cube.,Figures,,,,,,,,,,,,,,,,,
VS032,,Volume and Surface Area,Introduction to Volume and Surface Area,Concepts of Volume and Surface Area,Cube,Edges of cube,Learner does not know that there are 12 edges  for a cube.,Figures,,,,,,,,,,,,,,,,,
VS033,,Volume and Surface Area,Introduction to Volume and Surface Area,Concepts of Volume and Surface Area,Cube,Edges of cube,Learner does not know that all the edges of a cube are equal in length.,Figures,,,,,,,,,,,,,,,,,
VS034,,Volume and Surface Area,Introduction to Volume and Surface Area,Concepts of Volume and Surface Area,Cube,Faces of cube,Learner does not know that all the faces of a cube are equal in size.,Figures,,,,,,,,,,,,,,,,,
VS035,,Volume and Surface Area,Introduction to Volume and Surface Area,Concepts of Volume and Surface Area,Cube,Faces of cube,Learner does not know that each face of a cube is a square.,Figures,,,,,,,,,,,,,,,,,
VS036,,Volume and Surface Area,Introduction to Volume and Surface Area,Concepts of Volume and Surface Area,Cube,Edges of cube,Learner does not know that there are no curved edges in a cube.,Figures,,,,,,,,,,,,,,,,,
VS037,,Volume and Surface Area,Introduction to Volume and Surface Area,Concepts of Volume and Surface Area,Cube,Faces of cube,Learner does not know that the cube has only plane faces.,Figures,,,,,,,,,,,,,,,,,
VS038,,Volume and Surface Area,Introduction to Volume and Surface Area,Concepts of Volume and Surface Area,Cuboid,Faces of cuboid,Learner does not know that there are 6 faces for a cuboid.,Figures,,,,,,,,,,,,,,,,,
VS039,,Volume and Surface Area,Introduction to Volume and Surface Area,Concepts of Volume and Surface Area,Cuboid,Vertices of cuboid,Learner does not know that there are 8 vertices for a cuboid.,Figures,,,,,,,,,,,,,,,,,
VS040,,Volume and Surface Area,Introduction to Volume and Surface Area,Concepts of Volume and Surface Area,Cuboid,Edges of cuboid,Learner does not know that there are 12 edges for a cuboid.,Figures,,,,,,,,,,,,,,,,,
VS041,,Volume and Surface Area,Introduction to Volume and Surface Area,Concepts of Volume and Surface Area,Cuboid,Edges of cuboid,Learner does not know that all the edges of a cuboid are not equal in length.,Figures,,,,,,,,,,,,,,,,,
VS042,,Volume and Surface Area,Introduction to Volume and Surface Area,Concepts of Volume and Surface Area,Cuboid,Faces of cuboid,Learner does not know that all the faces of a cuboid are not equal in size.,Figures,,,,,,,,,,,,,,,,,
VS043,,Volume and Surface Area,Introduction to Volume and Surface Area,Concepts of Volume and Surface Area,Cuboid,Faces of cuboid,Learner does not know that each face of a cuboid is a rectangle if all its dimensions are unequal.,Figures,,,,,,,,,,,,,,,,,
VS044,,Volume and Surface Area,Introduction to Volume and Surface Area,Concepts of Volume and Surface Area,Cuboid,Edges of cuboid,Learner does not know that there are no curved edges in a cuboid.,Figures,,,,,,,,,,,,,,,,,
VS045,,Volume and Surface Area,Introduction to Volume and Surface Area,Concepts of Volume and Surface Area,Cuboid,Faces of cuboid,Learner does not know that the cuboid has only plane faces.,Figures,,,,,,,,,,,,,,,,,
VS046,,Volume and Surface Area,Introduction to Volume and Surface Area,Concepts of Volume and Surface Area,Cube,Application of cube,Learner is not able to apply the concept of the cubical shape to solve problems logically.,Figures,,,,,,,,,,,,,,,,,
VS047,,Volume and Surface Area,Introduction to Volume and Surface Area,Concepts of Volume and Surface Area,Cuboid,Application of cuboid,Learner is not able to apply the concept of the cuboidal shape to solve problems logically.,Figures,,,,,,,,,,,,,,,,,
VS048,,Volume and Surface Area,Introduction to Volume and Surface Area,Concepts of Volume and Surface Area,Pyramids,Concept of Pyramid,Learner does not know the concept of a pyramid.,Figures,,,,,,,,,,,,,,,,,
,,,,,,,,,,,,,,,,,,,,,,,,,
VS050,,Volume and Surface Area,Introduction to Volume and Surface Area,Concepts of Volume and Surface Area,Square Pyramids,Faces of Square Pyramid,Learner is not aware that a square pyramid has 5 faces.,Find the number of faces. Find the shape of the faces.,,,,,,,,,,,,,,,,,
VS051,,Volume and Surface Area,Introduction to Volume and Surface Area,Concepts of Volume and Surface Area,Square Pyramids,Edges of Square Pyramid,Learner is not aware that a square pyramid has 8 edges.,Figures,,,,,,,,,,,,,,,,,
VS052,,Volume and Surface Area,Introduction to Volume and Surface Area,Concepts of Volume and Surface Area,Square Pyramids,Vertices of Square Pyramid,Learner is not aware that a square pyramid has 5 vertices.,Figures,,,,,,,,,,,,,,,,,
VS053,,Volume and Surface Area,Introduction to Volume and Surface Area,Concepts of Volume and Surface Area,Triangular Pyramids,Concept of Triangular Pyramid,Learner does not kow that a pyramid with a triangular base is a triangular pyramid.,Figures,,,,,,,,,,,,,,,,,
VS054,,Volume and Surface Area,Introduction to Volume and Surface Area,Concepts of Volume and Surface Area,Triangular Pyramids,Faces of Triangular Pyramid,Learner is not aware that a triangular pyramid has 4 faces.,Find the number of faces. Find the shape of the faces.,,,,,,,,,,,,,,,,,
VS055,,Volume and Surface Area,Introduction to Volume and Surface Area,Concepts of Volume and Surface Area,Triangular Pyramids,Edges of Triangular Pyramid,Learner is not aware that a triangular pyramid has 6 edges.,Figures,,,,,,,,,,,,,,,,,
VS056,,Volume and Surface Area,Introduction to Volume and Surface Area,Concepts of Volume and Surface Area,3D Figures,Confusion with 2D figures,Learner is confused with the 2D and 3D figures.,Figures,,,,,,,,,,,,,,,,,
VS057,,Volume and Surface Area,Introduction to Volume and Surface Area,Concepts of Volume and Surface Area,Triangular Pyramids,Vertices of Triangular Pyramid,Learner is not aware that a triangular pyramid has 4 vertices.,Figures,,,,,,,,,,,,,,,,,
VS058,,Volume and Surface Area,Introduction to Volume and Surface Area,Concepts of Volume and Surface Area,Pyramids,Faces of Pyramids,Learner is not able to identify the number of faces of a given pyramid.,Figures,,,,,,,,,,,,,,,,,
VS059,,Volume and Surface Area,Introduction to Volume and Surface Area,Concepts of Volume and Surface Area,Pyramids,Edges of Pyramids,Learner is not able to identify the number of edges of the given pyramid.,Figures,,,,,,,,,,,,,,,,,
VS060,,Volume and Surface Area,Introduction to Volume and Surface Area,Concepts of Volume and Surface Area,Pyramids,Vertices of Pyramids,Learner is not able to identify the number of vertices of the given pyramid.,Figures,,,,,,,,,,,,,,,,,
,,,,,,,,,,,,,,,,,,,,,,,,,
,,,,,,,,,,,,,,,,,,,,,,,,,
VS063,,Volume and Surface Area,Introduction to Volume and Surface Area,Concepts of Volume and Surface Area,Right Pyramid,Height,Learner does not know the concept of the height of the right pyramid.,Figures,,,,,,,,,,,,,,,,,
VS064,,Volume and Surface Area,Introduction to Volume and Surface Area,Concepts of Volume and Surface Area,Right Pyramid,Slant Height,Learner does not know the concept of the slant height of the right pyramid.,Figures,,,,,,,,,,,,,,,,,
VS065,,Volume and Surface Area,Introduction to Volume and Surface Area,Concepts of Volume and Surface Area,Prism,Concept of Prism,Learner is not aware of the concept of a prism.,Figures,,,,,,,,,,,,,,,,,
,,,,,,,,,,,,,,,,,,,,,,,,,
VS067,,Volume and Surface Area,Introduction to Volume and Surface Area,Concepts of Volume and Surface Area,Triangular Prism,Faces of Triangular Prism,Learner is not aware that a triangular prism has 5 faces.,Figures,,,,,,,,,,,,,,,,,
VS068,,Volume and Surface Area,Introduction to Volume and Surface Area,Concepts of Volume and Surface Area,Triangular Prism,Edges of Triangular Prism,Learner is not aware that a triangular prism has 9 edges.,Figures,,,,,,,,,,,,,,,,,
VS069,,Volume and Surface Area,Introduction to Volume and Surface Area,Concepts of Volume and Surface Area,Triangular Prism,Vertices of Triangular Prism,Learner is not aware that a triangular prism has 6 vertices.,Figures,,,,,,,,,,,,,,,,,
VS070,,Volume and Surface Area,Introduction to Volume and Surface Area,Concepts of Volume and Surface Area,Prism,Faces of Prisms,Learner is not able to identify the number of faces of the given prism.,Figures,,,,,,,,,,,,,,,,,
VS071,,Volume and Surface Area,Introduction to Volume and Surface Area,Concepts of Volume and Surface Area,Prism,Edges of Prisms,Learner is not able to identify the number of edges of the given prism.,Figures,,,,,,,,,,,,,,,,,
VS072,,Volume and Surface Area,Introduction to Volume and Surface Area,Concepts of Volume and Surface Area,Prism,Vertices of Prisms,Learner is not able to identify the number of vertices of the given prism.,Figures,,,,,,,,,,,,,,,,,
,,,,,,,,,,,,,,,,,,,,,,,,,
VS074,,Volume and Surface Area,Introduction to Volume and Surface Area,Concepts of Volume and Surface Area,Polyhedrons,Types of Polyhedron,Learner is not aware of the different types and names of regular polyhedrons.,Figures,,,,,,,,,,,,,,,,,
VS075,,Volume and Surface Area,Introduction to Volume and Surface Area,Concepts of Volume and Surface Area,Cylinder,Faces of cylinder,Learner does not know that there are 3 faces for a cylinder.,Figures,,,,,,,,,,,,,,,,,
VS076,,Volume and Surface Area,Introduction to Volume and Surface Area,Concepts of Volume and Surface Area,Cylinder,Edges of cylinder,Learner does not know that there are 2 edges for a cylinder.,Figures,,,,,,,,,,,,,,,,,
VS077,,Volume and Surface Area,Introduction to Volume and Surface Area,Concepts of Volume and Surface Area,Cylinder,Vertices of cylinder,Learner does not know that there are no vertices for a cylinder.,Figures,,,,,,,,,,,,,,,,,
VS078,,Volume and Surface Area,Introduction to Volume and Surface Area,Concepts of Volume and Surface Area,Cylinder,Edges of cylinder,Learner does not know that the cylinder has curved edges.,Figures,,,,,,,,,,,,,,,,,
VS079,,Volume and Surface Area,Introduction to Volume and Surface Area,Concepts of Volume and Surface Area,Cylinder,Plane Face,Learner does not know that the plane face of a cylinder is a circle.,Figures,,,,,,,,,,,,,,,,,
VS080,,Volume and Surface Area,Introduction to Volume and Surface Area,Concepts of Volume and Surface Area,Cylinder,Curved Face,Learner does not know that the curved face of a cylinder is actually a folded rectangle.,Figures,,,,,,,,,,,,,,,,,
VS081,,Volume and Surface Area,Introduction to Volume and Surface Area,Concepts of Volume and Surface Area,Cylinder,Faces of cylinder,Learner does not know that a cylinder has 2 plane faces and 1 curved face.,Figures,,,,,,,,,,,,,,,,,
VS082,,Volume and Surface Area,Introduction to Volume and Surface Area,Concepts of Volume and Surface Area,Cylinder,Application of cylinder,Learner is not able to apply the concept of the cylinder shape to solve problems logically.,Figures,,,,,,,,,,,,,,,,,
VS083,,Volume and Surface Area,Introduction to Volume and Surface Area,Concepts of Volume and Surface Area,Cone,Faces of cone,Learner does not know that there are 2 faces for a cone.,Figures,,,,,,,,,,,,,,,,,
VS084,,Volume and Surface Area,Introduction to Volume and Surface Area,Concepts of Volume and Surface Area,Cone,Edges of cone,Learner does not know that there is only 1 edge for a cone.,Figures,,,,,,,,,,,,,,,,,
VS085,,Volume and Surface Area,Introduction to Volume and Surface Area,Concepts of Volume and Surface Area,Cone,Vertices of cone,Learner does not know that there is only 1 vertex for a cone.,Figures,,,,,,,,,,,,,,,,,
VS086,,Volume and Surface Area,Introduction to Volume and Surface Area,Concepts of Volume and Surface Area,Cone,Edges of cone,Learner does not know that cone has curved edges.,Figures,,,,,,,,,,,,,,,,,
VS087,,Volume and Surface Area,Introduction to Volume and Surface Area,Concepts of Volume and Surface Area,Cone,Curved Face,Learner does not know that the curved face of a cone looks like a triangle.,Figures,,,,,,,,,,,,,,,,,
VS088,,Volume and Surface Area,Introduction to Volume and Surface Area,Concepts of Volume and Surface Area,Cone,Plane Face,Learner does not know that the plane face of a cone is a circle.,Figures,,,,,,,,,,,,,,,,,
VS089,,Volume and Surface Area,Introduction to Volume and Surface Area,Concepts of Volume and Surface Area,Cone,Height of cone,Learner is not able to identify the height of the cone from the given figure.,Figures,,,,,,,,,,,,,,,,,
VS090,,Volume and Surface Area,Introduction to Volume and Surface Area,Concepts of Volume and Surface Area,Cone,Slant Height of cone,Learner is not able to identify the slant height of the cone from the given figure.,Figures,,,,,,,,,,,,,,,,,
VS091,,Volume and Surface Area,Introduction to Volume and Surface Area,Concepts of Volume and Surface Area,Cone,Height and Slant Height of the cone,Learner does not know the relationship between the height and slant height of the cone.,Figures,,,,,,,,,,,,,,,,,
VS092,,Volume and Surface Area,Introduction to Volume and Surface Area,Concepts of Volume and Surface Area,Cone,Faces of cone,Learner does not know that a cone has 1 plane face and 1 curved face.,Figures,,,,,,,,,,,,,,,,,
VS093,,Volume and Surface Area,Introduction to Volume and Surface Area,Concepts of Volume and Surface Area,Cone,Oblique Cone,Learner does not know the concept of an oblique cone.,Figures,,,,,,,,,,,,,,,,,
VS095,,Volume and Surface Area,Introduction to Volume and Surface Area,Concepts of Volume and Surface Area,Frustum,Slant Height,Learner is not aware of the slant height of the frustum.,Figures,,,,,,,,,,,,,,,,,
VS096,,Volume and Surface Area,Introduction to Volume and Surface Area,Concepts of Volume and Surface Area,Sphere,Faces of Sphere,Learner does not know that there is only 1 face for a sphere.,Figures,,,,,,,,,,,,,,,,,
VS097,,Volume and Surface Area,Introduction to Volume and Surface Area,Concepts of Volume and Surface Area,Sphere,Edges of Sphere,Learner does not know that there is no edge for a sphere.,Figures,,,,,,,,,,,,,,,,,
VS098,,Volume and Surface Area,Introduction to Volume and Surface Area,Concepts of Volume and Surface Area,Sphere,Vertices of Sphere,Learner does not know that there is no vertex for a sphere.,Figures,,,,,,,,,,,,,,,,,
VS099,,Volume and Surface Area,Introduction to Volume and Surface Area,Concepts of Volume and Surface Area,Sphere,Curved Surface Area,Learner does not know that the only face of the sphere is the curved face.,Figures,,,,,,,,,,,,,,,,,
VS101,,Volume and Surface Area,Introduction to Volume and Surface Area,Concepts of Volume and Surface Area,Cube,Concept of Cube,Learner does not know the concept of a cube.,Figures,,,,,,,,,,,,,,,,,
VS102,,Volume and Surface Area,Introduction to Volume and Surface Area,Concepts of Volume and Surface Area,Cylinder,Concept of Cylinder,Learner does not know the concept of a cylinder.,Figures,,,,,,,,,,,,,,,,,
VS103,,Volume and Surface Area,Introduction to Volume and Surface Area,Concepts of Volume and Surface Area,Cone,Concept of Cone,Learner does not know the concept of a cone.,Figures,,,,,,,,,,,,,,,,,
VS104,,Volume and Surface Area,Introduction to Volume and Surface Area,Concepts of Volume and Surface Area,Cuboid,Concept of Cuboid,Learner does not know the concept of a cuboid.,Figures,,,,,,,,,,,,,,,,,
VS105,,Volume and Surface Area,Introduction to Volume and Surface Area,Concepts of Volume and Surface Area,Sphere,Concept of sphere,Learner does not know the concept of a sphere.,Figures,,,,,,,,,,,,,,,,,
,,,,,,,,,,,,,,,,,,,,,,,,,
,,,,,,,,,,,,,,,,,,,,,,,,,
,,,,,,,,,,,,,,,,,,,,,,,,,
,,,,,,,,,,,,,,,,,,,,,,,,,
,,,,,,,,,,,,,,,,,,,,,,,,,
,,,,,,,,,,,,,,,,,,,,,,,,,
,,,,,,,,,,,,,,,,,,,,,,,,,
,,,,,,,,,,,,,,,,,,,,,,,,,
,,,,,,,,,,,,,,,,,,,,,,,,,
,,,,,,,,,,,,,,,,,,,,,,,,,