Shapes (GI),,,,,,,,,,,,,,,,,,,,,,,,
LD Code,Concept,Subconcept,Sub Sub Concept,Class Category,Error Category,Teacher / Parent Description,Example,Comments,Source,,,,,,,,,,,,,,,
GI002,Shapes,Introduction to basic 3D shapes,Understanding 3D shapes,Straight and curved edges,Solids with straight edges,Learner is not able to identify a solid shape with straight edges.,,,,,,,,,,,,,,,,,,
GI003,Shapes,Introduction to basic 3D shapes,Understanding 3D shapes,Identifying 3D shape,Concept of a 3D shape,Learner is not aware of the concept of 3D shape.,,,,,,,,,,,,,,,,,,
GI006,Shapes,Introduction to basic 2D shapes,Understanding 2D shapes,Identifying 2D shape,Concept of a 2D shape,Learner is not aware of the concept of 2D shape.,,,,,,,,,,,,,,,,,,
GI030,Shapes,Introduction to basic 2D shapes,Understanding 2D shapes,Identifying 2D shape,Identification of a triangle,Learner is not able to identify a triangle/triangular shape.,,,,,,,,,,,,,,,,,,
GI031,Shapes,Introduction to basic 2D shapes,Understanding 2D shapes,Properties of 2D shape,Properties of a triangle,Learner is not aware of the properties of a triangle.,,,,,,,,,,,,,,,,,,
GI032,Shapes,Introduction to basic 2D shapes,Understanding 2D shapes,Identifying 2D shape,Identification of a square,Learner is not able to identify a square/square like shapes.,,,,,,,,,,,,,,,,,,
GI033,Shapes,Introduction to basic 2D shapes,Understanding 2D shapes,Properties of 2D shape,Properties of a square,Learner is not aware of the properties of a sqaure.,,,,,,,,,,,,,,,,,,
GI034,Shapes,Introduction to basic 2D shapes,Understanding 2D shapes,Identifying 2D shape,Identification of a rectangle,Learner is not able to identify a rectangle/rectangular shape.,,,,,,,,,,,,,,,,,,
GI035,Shapes,Introduction to basic 2D shapes,Understanding 2D shapes,Properties of 2D shape,Properties of a rectangle,Learner is not aware of the properties of a rectangle.,,,,,,,,,,,,,,,,,,
GI036,Shapes,Introduction to basic 2D shapes,Understanding 2D shapes,Identifying 2D shape,Identification of a circle,Learner is not able to identify a circle/circular shape..,,,,,,,,,,,,,,,,,,
GI037,Shapes,Introduction to basic 2D shapes,Understanding 2D shapes,Properties of 2D shape,Properties of a circle,Learner is not aware of the properties of a circle.,,,,,,,,,,,,,,,,,,
GI038,Shapes,Introduction to basic 2D shapes,Understanding 2D shapes,Identifying 2D shape,Identification of a kite or a diamond shape,Learner is not able to identify a kite or diamond shape.,,,,,,,,,,,,,,,,,,
GI039,Shapes,Introduction to basic 2D shapes,Understanding 2D shapes,Properties of 2D shape,Properties of a kite,Learner is not aware of the properties of a kite.,,,,,,,,,,,,,,,,,,
GI040,Shapes,Introduction to basic 3D shapes,Understanding 3D shapes,Straight and curved edges,Solids with curved edges,Learner is not able to identify a solid shape with curved edges.,,,,,,,,,,,,,,,,,,
GI041,Shapes,Introduction to basic 3D shapes,Understanding 3D shapes,Identifying 3D shape,Identification of a cube,Learner is not able to identify a cube.,,,,,,,,,,,,,,,,,,
GI042,Shapes,Introduction to basic 3D shapes,Understanding 3D shapes,Identifying 3D shape,Properties of a cube,Learner is not aware of the properties of a cube.,,,,,,,,,,,,,,,,,,
GI043,Shapes,Introduction to basic 3D shapes,Understanding 3D shapes,Identifying 3D shape,Identification of a cuboid,Learner is not able to identify a cuboid.,,,,,,,,,,,,,,,,,,
GI044,Shapes,Introduction to basic 3D shapes,Understanding 3D shapes,Properties of 3D shape,Properties of a cuboid,Learner is not aware of the properties of a cuboid.,,,,,,,,,,,,,,,,,,
GI045,Shapes,Introduction to basic 3D shapes,Understanding 3D shapes,Identifying 3D shape,Identification of a  prism,Learner is not able to identify a prism.,,,,,,,,,,,,,,,,,,
GI046,Shapes,Introduction to basic 3D shapes,Understanding 3D shapes,Properties of 3D shape,Properties of a prism,Learner is not aware of the properties of a prism.,,,,,,,,,,,,,,,,,,
GI047,Shapes,Introduction to basic 3D shapes,Understanding 3D shapes,Identifying 3D shape,Identification of a triangular prism,Learner is not able to identify a triangular prism.,Figures,,,,,,,,,,,,,,,,,
GI048,Shapes,Introduction to basic 3D shapes,Understanding 3D shapes,Properties of 3D shape,Properties of a triangular prism,Learner is not aware of the properties of a triangular prism.,,,,,,,,,,,,,,,,,,
GI049,Shapes,Introduction to basic 3D shapes,Understanding 3D shapes,Identifying 3D shape,Identification of a pyramid,Learner is not able to identify a pyramid.,,,,,,,,,,,,,,,,,,
GI050,Shapes,Introduction to basic 3D shapes,Understanding 3D shapes,Properties of 3D shape,Properties of a pyramid,Learner is not aware of the properties of a pyramid.,,,,,,,,,,,,,,,,,,
GI051,Shapes,Introduction to basic 3D shapes,Understanding 3D shapes,Properties of 3D shape,Properties of a square pyramid,Learner is not aware of the properties of a squre pyramid,,,,,,,,,,,,,,,,,,
GI052,Shapes,Introduction to basic 3D shapes,Understanding 3D shapes,Identifying 3D shape,Identification of a triangular pyramid,Learner is not able to identify a triangular pyramid.,,,,,,,,,,,,,,,,,,
GI053,Shapes,Introduction to basic 3D shapes,Understanding 3D shapes,Properties of 3D shape,Properties of a triangular pyramid,Learner is not aware of the properties of a triangular pyramid.,,,,,,,,,,,,,,,,,,
GI054,Shapes,Introduction to basic 3D shapes,Understanding 3D shapes,Identifying 3D shape,Identification of an oblique pyramid,Learner is not able to identify an oblique pyramid.,Figures,,,,,,,,,,,,,,,,,
GI055,Shapes,Introduction to basic 3D shapes,Understanding 3D shapes,Properties of 3D shape,Properties of an oblique pyramid,Learner is not aware of the properties of an oblique pyramid.,,,,,,,,,,,,,,,,,,
GI056,Shapes,Introduction to basic 3D shapes,Understanding 3D shapes,Identifying 3D shape,Identification of a right pyramid,Learner is not able to identify a right pyramid.,Figures,,,,,,,,,,,,,,,,,
GI057,Shapes,Introduction to basic 3D shapes,Understanding 3D shapes,Properties of 3D shape,Properties of a right pyramid,Learner is not aware of the properties of a right pyramid.,,,,,,,,,,,,,,,,,,
GI058,Shapes,Introduction to basic 3D shapes,Understanding 3D shapes,Identifying 3D shape,Identification of a cone,Learner is not able to identify a cone.,,,,,,,,,,,,,,,,,,
GI059,Shapes,Introduction to basic 3D shapes,Understanding 3D shapes,Properties of 3D shape,Properties of a cone,Learner is not aware of the properties of a cone.,,,,,,,,,,,,,,,,,,
GI060,Shapes,Introduction to basic 3D shapes,Understanding 3D shapes,Identifying 3D shape,Identification of a frustum,Learner is not able to identify a frustum.,Figures,,,,,,,,,,,,,,,,,
GI061,Shapes,Introduction to basic 3D shapes,Understanding 3D shapes,Properties of 3D shape,Properties of a frustum,Learner is not aware of the properties of a frustum.,,,,,,,,,,,,,,,,,,
GI062,Shapes,Introduction to basic 3D shapes,Understanding 3D shapes,Identifying 3D shape,Identification of a cyllinder,Learner is not able to identify a cyllinder.,,,,,,,,,,,,,,,,,,
GI063,Shapes,Introduction to basic 3D shapes,Understanding 3D shapes,Properties of 3D shape,Properties of a cyllinder,Learner is not aware of the properties of a cyllinder.,,,,,,,,,,,,,,,,,,
GI064,Shapes,Introduction to basic 3D shapes,Understanding 3D shapes,Identifying 3D shape,Identification of a hollow cylinder,Learner is not able to identify a hollow cyllinder.,,,,,,,,,,,,,,,,,,
GI065,Shapes,Introduction to basic 3D shapes,Understanding 3D shapes,Properties of 3D shape,Properties of a hollow cylinder,Learner is not aware of the properties of a hollow cylinder.,,,,,,,,,,,,,,,,,,
GI066,Shapes,Introduction to basic 3D shapes,Understanding 3D shapes,Identifying 3D shape,Identification of a sphere,Learner is not able to identify a sphere.,,,,,,,,,,,,,,,,,,
GI067,Shapes,Introduction to basic 3D shapes,Understanding 3D shapes,Properties of 3D shape,Properties of a sphere,Learner is not aware of the properties of a sphere.,,,,,,,,,,,,,,,,,,
GI068,Shapes,Introduction to basic 3D shapes,Understanding 3D shapes,Identifying 3D shape,Identification of a hemi sphere,Learner is not able to identify a hemi sphere.,,,,,,,,,,,,,,,,,,
GI069,Shapes,Introduction to basic 3D shapes,Understanding 3D shapes,Properties of 3D shape,Properties of a hemi sphere,Learner is not aware of the properties of a hemi sphere.,,,,,,,,,,,,,,,,,,
GI070,Shapes,Introduction to basic 3D shapes,Understanding 3D shapes,Identifying 3D shape,Identification of a polyhedrons,Learner is not able to identify a polyhedrons.,Figures,,,,,,,,,,,,,,,,,
GI071,Shapes,Introduction to basic 3D shapes,Understanding 3D shapes,Properties of 3D shape,Properties of polyhedrons,Learner is not aware of the properties of a polyhedrons.,,,,,,,,,,,,,,,,,,
GI072,Shapes,Introduction to basic 3D shapes,Understanding 3D shapes,Identifying 3D shape,Identification of a torus,Learner is not able to identify a torus.,Figures,,,,,,,,,,,,,,,,,
GI073,Shapes,Introduction to basic 3D shapes,Understanding 3D shapes,Properties of 3D shape,Properties of a torus,Learner is not aware of the properties of a torus.,,,,,,,,,,,,,,,,,,
GI076,Shapes,Introduction to basic 3D shapes,Understanding 3D shapes,Identifying 3D shape,Identification of a pentagonal prism,Learner is not able to identify a pentagonal prism.,,,,,,,,,,,,,,,,,,
GI077,Shapes,Introduction to basic 3D shapes,Understanding 3D shapes,Properties of 3D shape,Properties of a  pentagonal prism,Learner is not aware of the properties of a  pentagonal prism.,,,,,,,,,,,,,,,,,,
GI078,Shapes,Introduction to basic 3D shapes,Understanding 3D shapes,Identifying 3D shape,Identification of a hexagonal prism,Learner is not able to identify a hexagonal prism.,,,,,,,,,,,,,,,,,,
GI079,Shapes,Introduction to basic 3D shapes,Understanding 3D shapes,Properties of 3D shape,Properties of a hexagonal pyramid,Learner is not aware of the properties of a hexagonal pyramid.,,,,,,,,,,,,,,,,,,
GI191,Shapes,Introduction to basic 2D shapes,Understanding 2D shapes,Open and closed figures,Concept of open figures,Learner is not aware of the concept of an open figure.,,,,,,,,,,,,,,,,,,
GI192,Shapes,Introduction to basic 2D shapes,Understanding 2D shapes,Open and closed figures,Concept of closed figures,Learner is not aware of the concept of a closed figure.,,,,,,,,,,,,,,,,,,
GI200,Shapes,Introduction to basic 3D shapes,Understanding 3D shapes,Properties of 3D shape,Properties of a  pentagonal pyramid,Learner is not aware of the properties of a  pentagonal pyramid.,,,,,,,,,,,,,,,,,,
GI201,Shapes,Introduction to basic 3D shapes,Understanding 3D shapes,Identifying 3D shape,Identification of a pentagonal pyramid,Learner is not able to identify a pentagonal pyramid.,,,,,,,,,,,,,,,,,,
GI202,Shapes,Introduction to basic 3D shapes,Understanding 3D shapes,Identifying 3D shape,Identification of a hexagonal pyramid,Learner is not able to identify a hexagonal pyramid.,,,,,,,,,,,,,,,,,,
GI203,Shapes,Introduction to basic 3D shapes,Understanding 3D shapes,Properties of 3D shape,Properties of a hexagonal prism,Learner is not aware of the properties of a hexagonal prism.,,,,,,,,,,,,,,,,,,
GI204,Shapes,Introduction to basic 3D shapes,Understanding 3D shapes,Identifying 3D shape,Identification of a square pyramid,Learner is not able to identify a square pyramid.,Figures,,,,,,,,,,,,,,,,,
,,,,,,,,,,,,,,,,,,,,,,,,
,,,,,,,,,,,,,,,,,,,,,,,,
,,,,,,,,,,,,,,,,,,,,,,,,