Shapes (GI),,,,,,,,,,,,,,,,,,,,,,,
Subconcepts,Sub Sub Concept,Scope Items,Tentative Primary LDs,,,,,,,,,,,,,,,,,,,,
Introduction to basic 2D shapes,Understanding 2D shapes,"Different types of Figures (Closed & Open)
Basic shapes and names 
Identification of shapes like, Triangles,Square, Rectangle, Circle, Kite-Diamond shapes",,,,,,,,,,,,,,,,,,,,,
Introduction to basic 3D shapes,Understanding 3D shapes,"Concept of Solids
Shapes that Roll and Slide
Identification of Solids with Straight Edges:-Cuboid, Cube, All types of Prisms, All types of Pyramids, Polyhedrons
Identification of Solids with Straight and Curved :- types of Cone, types of Cyllinders, Hollow cylinder, Frustum
Identification of Solids with Curved Edges:- Sphere, Hemi - Sphere",,,,,,,,,,,,,,,,,,,,,
,,,,,,,,,,,,,,,,,,,,,,,
,,,,,,,,,,,,,,,,,,,,,,,
,,,,,,,,,,,,,,,,,,,,,,,
,,,,,,,,,,,,,,,,,,,,,,,
,,,,,,,,,,,,,,,,,,,,,,,
,,,,,,,,,,,,,,,,,,,,,,,
,,,,,,,,,,,,,,,,,,,,,,,
,,,,,,,,,,,,,,,,,,,,,,,
,,,,,,,,,,,,,,,,,,,,,,,
,,,,,,,,,,,,,,,,,,,,,,,