Money(MO),,,,,,,,
LD Code,Concept,Subconcept,Sub Sub Concept,Class Category,Error Category,Teacher / Parent Description,Example,
MO001,Money,Introduction to Money,Concept of money,Concept of money,Definition of Money,Learner is unable to understand the concept of money.,"What is money? 
Ans: Medium of exchange in the form of coins and banknotes",
MO002,Money,Introduction to Money,Concept of money,Use of money,Need for Money,Learner is not aware of the various uses of money.,,
MO003,Money,Indian Rupees and Paisa,Denominations of Indian Currency,Rupee & Paisa Conversion,Rupee to paisa,Learner does not know how to convert rupee to paisa.,,
MO004,Money,Indian Rupees and Paisa,Denominations of Indian Currency,Rupee & Paisa Conversion,Paisa to rupee,Learner does not know how to convert paisa to rupee.,,
MO005,Money,Indian Rupees and Paisa,Denominations of Indian Currency,Rupee & Paisa Conversion,₹1 = 100 paisa,Learner is not aware of the fact that ₹1 = 100 paisa.,,
MO006,Money,Indian Rupees and Paisa,Denominations of Indian Currency,Value of notes & coins,Value of 50 paisa,Learner is not aware of the value of a 50 p coin.,What is the value of,
MO007,Money,Indian Rupees and Paisa,Denominations of Indian Currency,Value of notes & coins,Value of ₹1,Leaner is not aware of the value of a ₹1 coin.,,
MO008,Money,Indian Rupees and Paisa,Denominations of Indian Currency,Value of notes & coins,Value of ₹2,Learner is not aware of the value of a ₹2coin/note.,,
MO009,Money,Indian Rupees and Paisa,Denominations of Indian Currency,Value of notes & coins,Value of  ₹5,Learner is not aware of the value of a ₹5 coin/note.,,
MO010,Money,Indian Rupees and Paisa,Denominations of Indian Currency,Value of notes & coins,Value of ₹10,Learner is not aware of the value of a ₹10 coin/note.,,
MO011,Money,Indian Rupees and Paisa,Denominations of Indian Currency,Value of notes & coins,Value of ₹20,Learner is not aware of the value of a ₹20 note.,,
MO012,Money,Indian Rupees and Paisa,Denominations of Indian Currency,Value of notes & coins,Value of ₹50,Learner is not aware of the value of a ₹50 note.,,
MO013,Money,Indian Rupees and Paisa,Denominations of Indian Currency,Value of notes & coins,Value of ₹100,Learner is not aware of the value of a ₹100 note.,,
MO014,Money,Indian Rupees and Paisa,Denominations of Indian Currency,Value of notes & coins,Value of ₹500,Learner is not aware of the value of a ₹500 note.,,
MO015,Money,Indian Rupees and Paisa,Denominations of Indian Currency,Value of notes & coins,Value of ₹1000,Learner is not aware of the value of a ₹1000 note.,,
MO016,Money,Indian Rupees and Paisa,Denominations of Indian Currency,Value of notes & coins,Value of 25 paisa,Learner is not aware of the value of 25 paisa.,,
MO017,Money,Multiplication and Division of Money,Multiplication of currency,Multiplication of Money,Multiplication of Money,Learner does not know how to perform multiplication in terms of money.,A school of 500 students collected  ₹10 per student for charity purpose. What is the total amount collected?,
MO018,Money,Multiplication and Division of Money,Division of currency,Division of Money,Division of Money,Learner does not know how to perform division in terms of money.,,
MO022,Money,Introduction to Money,Concept of money,Symbol of rupee,'₹' Symbol,"Learner does not know that "" ₹ "" is the symbol of rupee.",,
MO025,Money,Addition of money,Addition of currency,Addition of Money,Adding Money,Learner is not able to add money using different notes and coins.,,
MO027,Money,Subtraction of Money,Subtraction of currency,Subtraction of Money,Subtraction using money,Learner is not able to subtract money using different notes and coins.,,
MO031,Money,Addition of money,Addition of currency,Addition of Money,Addition with conversion,Learner does not know how to add money when conversion is involved.,,
MO032,Money,Subtraction of Money,Subtraction of currency,Subtraction of Money,Subtraction with conversion,Learner does not know how to subtract money when conversion is involved.,,
MO033,Money,Multiplication and Division of Money,Division of currency,Division of Money,Division with conversion,Learner does not know how to divide money when conversion is involved.,,