Money(MO),,,,,
Subconcepts,Sub Sub Concept,Scope Items,Tentative Primary LDs,Tentative Grades,
Introduction to Money,Concept of money,"Importance of money. 
Use of money. 
The symbol for rupee.
Usage of different currency",1,"2,3,4",
Indian Rupees and Paisa,Denominations of Indian Currency,"Value of 25 and 50 paisa,₹1, ₹2, ₹5, ₹10, ₹20, ₹50, ₹100, ₹500, ₹1000
Conversion of Rupee to Paisa and vice versa",1,"2,3,4,5",
Addition of money,Addition of currency,"Addition of money using only numerals.
Addition of money using conversion.
Addition of money using different notes and coins",1,"2,3,4",
Subtraction of Money,Subtraction of currency,"Subtraction of money using different notes and coins.
Subtraction of money using conversion.
Subtraction of money using only numerals",1,"3,4,5",
Multiplication and Division of Money,Multiplication of currency,"Formulate the required amount with many different coins and notes. 
Multiplication of money using conversion.",1,"3,4,5",
Multiplication and Division of Money,Division of currency,"Divide the amount with many different coins and notes.
Division of money using conversion.",1,"3,4,5",
,,,,,
,,,,,
,,,,,
,,,,,
,,,,,
,,,,,
,,,,,
,,,,,
,,,,,
,,,,,
,,,,,
,,,,,
,,,,,
,,,,,
,,,,,
,,,,,
,,,,,
,,,,,
,,,,,
,,,,,
,,,,,
,,,,,
,,,,,
,,,,,
,,,,,
,,,,,
,,,,,
,,,,,
,,,,,
,,,,,
,,,,,
,,,,,
,,,,,
,,,,,