Triangles (TS),,,,,,,,,,,,,,,,,,,,,,,,
LD Code,Concept,Subconcept,Sub Sub Concept,Class Category,Error Category,Teacher / Parent Description,Example,,,,,,,,,,,,,,,,,
TS004,Triangles,Introduction to triangles,Understanding triangles ,Elements of Triangles,Vertex of triangle,Learner is unable to identify the vertex of the given triangle.,"In the given figure , identify the vertex of the triangle opposite to the base AB.",,,,,,,,,,,,,,,,,
TS014,Triangles,Introduction to triangles,Understanding triangles ,Representation of triangles,Notation of triangle,Learner does not know that 'Δ' symbolises a triangle.,Notation of the triangle is ______.,,,,,,,,,,,,,,,,,
TS015,Triangles,Introduction to triangles,Understanding triangles ,Representation of triangles,Different names for same triangle,Learner does not know the different ways of naming the triangle.,Different ways of representing a triangle is,,,,,,,,,,,,,,,,,
TS016,Triangles,Introduction to triangles,Understanding triangles ,Understanding triangles,Non collinear points,Learner is not aware that only non - collinear points will form a triangle.,Can collinear points form a triangle.,,,,,,,,,,,,,,,,,
TS017,Triangles,Introduction to triangles,Understanding triangles ,Triangular region,Regions of triangle,Learner is not aware of interior and exterior regions of a triangle.,Identify the exterior points of the given triangle.,,,,,,,,,,,,,,,,,
TS040,Triangles,Classification of triangles,Types of triangles based on sides,Triangles classified based on sides,Concept of equilateral triangle ,Learner is not aware of the concept of an equilateral triangle.,"If  ΔABC is an equilateral triangle, where AB = 4cm and BC = 4cm, then value of AC = _________.",,,,,,,,,,,,,,,,,
TS041,Triangles,Classification of triangles,Types of triangles based on sides,Triangles classified based on sides,Concept of isosceles triangle ,Learner is not aware of the concept of an isosceles triangle.,"If  ΔABC is an isosceles triangle, where AB = 4cm and BC = 6cm, then value of AC = _________.",,,,,,,,,,,,,,,,,
TS042,Triangles,Classification of triangles,Types of triangles based on sides,Triangles classified based on sides,Concept of scalene triangle ,Learner is not aware of the concept of scalene triangle.,"If in a triangle AB = 4cm, BC = 3cm and AC = 2cm, then it is called a ________ triangle.",,,,,,,,,,,,,,,,,
TS043,Triangles,Classification of triangles,Types of triangles based on sides,Triangles classified based on sides,Concept of acute angled triangle ,Learner is not aware of the concept of acute angled triangle.,Identify acute angled triangles from the set.,,,,,,,,,,,,,,,,,
TS044,Triangles,Classification of triangles,Types of triangles based on angles,Triangles classified based on angles,Concept of obtuse angled triangle,Learner is not aware of the concept of obtuse angle triangle.,Identify obtuse angled triangles from the set.,,,,,,,,,,,,,,,,,
TS045,Triangles,Classification of triangles,Types of triangles based on angles,Triangles classified based on angles,Concept of right angled triangle,Learner is not aware of the concept of right angled triangle.,Identify right angled triangles from the set.,,,,,,,,,,,,,,,,,
TS067,Triangles,Classification of triangles,Types of triangles based on angles,Property of right triangle,Identification of hypotenuse,Learner is not aware that hypotenuse of a right angle triangle is the side opposite to the right angle.,Identify the hypotenuse in the given right triangle.  Is there a hypotenuse in the obtuse angled triangle.,,,,,,,,,,,,,,,,,
,,,,,,,,,,,,,,,,,,,,,,,,
,,,,,,,,,,,,,,,,,,,,,,,,
,,,,,,,,,,,,,,,,,,,,,,,,
,,,,,,,,,,,,,,,,,,,,,,,,
,,,,,,,,,,,,,,,,,,,,,,,,
,,,,,,,,,,,,,,,,,,,,,,,,
,,,,,,,,,,,,,,,,,,,,,,,,
,,,,,,,,,,,,,,,,,,,,,,,,