Fractions (FC),,,,,,
LD Code,Concept,Subconcept,Sub Sub Concept,Class Category,Error Category,Teacher / Parent Description
FC001,Fractions,Introduction to fractions,Concept of fraction,Introduction,Concept of fraction,Learner does not know what is a fraction.
FC002,Fractions,Introduction to fractions,Concept of fraction,Introduction,Numerator,Learner is not aware of the concept of numerator.
FC003,Fractions,Introduction to fractions,Concept of fraction,Introduction,Denominator,Learner is not aware of the concept of a denominator.
FC005,Fractions,Introduction to fractions,Concept of fraction,Introduction,Pictorial representation of fractions,Learner is not able to represent a fraction in its pictorial form.
FC006,Fractions,Introduction to fractions,Fraction names,Introduction,Quarter,Learner does not know that quarter and one-fourth means 1/4 and vice versa.
FC007,Fractions,Introduction to fractions,Fraction names,Introduction,Half,Learner does not know that half means 1/2 and vice versa.
FC008,Fractions,Introduction to fractions,Fraction names,Introduction,Three-fourth,Learner does not know that three-fourth means 3/4 and vice versa.
FC009,Fractions,Introduction to fractions,Fraction names,Introduction,One-tenth,Learner does not know that one-tenth means 1/10 and vice versa.
FC010,Fractions,Introduction to fractions,Fraction names,Introduction,One-fifth,Learner does not know that one-fifth means 1/5.
FC011,Fractions,Introduction to fractions,Fraction names,Introduction,One-hundredth,Learner does not know that one-hundredth means 1/100 and vice versa.
FC012,Fractions,Introduction to fractions,Fraction names,Introduction,One-thousandth,Learner does not know that one-thousandth means 1/1000 and vice versa.
FC013,Fractions,Introduction to fractions,Fraction names,Introduction,One-third,Learner does not know that one-third means 1/3 and vice versa.
FC014,Fractions,Introduction to fractions,Concept of fraction,Introduction,Fraction in words,"Learner is not able to comprend the fraction when it is given in words.
Ex: Two-fifth means 2/5"
FC018,Fractions,Introduction to fractions,Concept of fraction,Introduction,Concept of Whole Unit,Learner does not know that all parts put together form a whole.
FC020,Fractions,Types of fractions,"Proper, Improper and Mixed fractions",Types of fractions,Proper fraction,Learner does not know the concept/definition of proper fraction.
FC021,Fractions,Types of fractions,"Proper, Improper and Mixed fractions",Types of fractions,Improper fraction,Learner does not know the concept/definition of improper fraction.
FC022,Fractions,Types of fractions,"Proper, Improper and Mixed fractions",Types of fractions,Vulgar fraction,Learner does not know the concept/definition of vulgar fraction.
FC023,Fractions,Types of fractions,"Proper, Improper and Mixed fractions",Types of fractions,Mixed fraction,Learner does not know the concept/definition of mixed fraction.
FC024,Fractions,Types of fractions,"Proper, Improper and Mixed fractions",Types of fractions,Identification of mixed fraction,Learner does not know how to identify mixed fraction in the given picture.
FC026,Fractions,Types of fractions,Equivalent fractions,Types of fractions,Equivalent fraction,Learner does not know the concept of equivalent fraction.
FC028,Fractions,Types of fractions,"Proper, Improper and Mixed fractions",Types of fractions,Unit fraction,Learner does not know the concept of unit fraction.
FC029,Fractions,Types of fractions,"Proper, Improper and Mixed fractions",Types of fractions,Decimal fraction,Learner does not know the concept of decimal fraction.
FC035,Fractions,Types of fractions,"Proper, Improper and Mixed fractions",Mixed to Improper,Conversion of mixed to improper,Learner is unable to convert mixed fractions to improper fractions.
FC038,Fractions,Types of fractions,"Proper, Improper and Mixed fractions",Improper to mixed,Conversion of improper to mixed ,Learner is unable to convert improper fractions to mixed fractions.
FC030,Fractions,Types of fractions,"Proper, Improper and Mixed fractions",Conversion,Like fraction,Learner does not understand the concept of like fraction.
FC044,Fractions,Types of fractions,Like and Unlike fractions,Conversion,Identification of like fractions,Learner does not know to identify like fractions from a given set.
FC045,Fractions,Types of fractions,Like and Unlike fractions,Conversion,Identification of unlike fractions,Learner does not know to identify unlike fractions from a given set.
FC046,Fractions,Types of fractions,Like and Unlike fractions,Conversion,Coversion of unlike to like fractions,Learner does not know to convert unlike fractions into like fractions.
FC031,Fractions,Types of fractions,"Proper, Improper and Mixed fractions",Improper to mixed,Identification of Equivalance fraction,"Learner is not able to identify the equivalent of mixed fraction, when an improper fraction is given."
FC050,Fractions,Comparing and ordering fractions,Comparing Like fractions,Fractions comparison,Same ,Learner does not know how to compare like fractions.
FC051,Fractions,Comparing and ordering fractions,Comparing Unlike fractions,Fractions comparison,Compare unlike fractions,Learner does not know how to compare unlike fractions.
FC052,Fractions,Comparing and ordering fractions,Comparing Unlike fractions,Fractions comparison,Comparison of fractions with same numerator ,Learner does not know to know to compare the fractions which have same numerator.
FC053,Fractions,Comparing and ordering fractions,Comparing Mixed fractions,Compare mixed fractions,Comparison of fractions with same whole number,Learner does not know to compare mixed fractions when the whole part of the fraction are same.
FC054,Fractions,Comparing and ordering fractions,Comparing Mixed fractions,Compare mixed fractions,Comparison of fractions with same denominator,Learner does not know to compare mixed fractions when the denominators of the mixed fractions are same.
FC055,Fractions,Comparing and ordering fractions,Comparing Mixed fractions,Compare mixed fractions,Comparison of unlike mixed fractions,Learner does not know how to compare unlike mixed fractions.
FC056,Fractions,Comparing and ordering fractions,Comparing Unlike fractions,Fractions comparison,Criss cross comparison,Learner does not know how to compare using criss cross method.
FC057,Fractions,Comparing and ordering fractions,Comparing Unlike fractions,Fractions comparison,Comparison of consecutive fractions,Learner does not know that [n/(n+1)] <[(n+1)/(n+2)]
FC058,Fractions,Comparing and ordering fractions,Ascending and descending order for Like fractions,Fractions comparison,Ordering of like fractions,Learner is not able to arrange the like fractions in ascending/descending order.
FC059,Fractions,Comparing and ordering fractions,Ascending and descending order for Like fractions,Fractions comparison,Ordering fractions with same numerator,Learner is not able to order fractions with same numerator.
FC060,Fractions,Comparing and ordering fractions,Comparing Unlike fractions,Fractions comparison,Ordering of unlike fractions,Learner is not able to arrange the given unlike fractions in ascending / descending order.
FC061,Fractions,Comparing and ordering fractions,Inserting fractions,Fraction Insertion,Insert fractions,Learner is not able to insert one fraction between given two fractions.
FC064,Fractions,Comparing and ordering fractions,Inserting fractions,Fraction Insertion,Insertion of fraction in various ways,Learner is not able to find the fraction between two given fractions.
FC076,Fractions,Fractions on number line,Representing fraction on number line,Number line fraction,Mark Fraction,Learner is not able to mark the given fraction on the number line.
FC077,Fractions,Fractions on number line,Representing fraction on number line,Number line fraction,Plot number of divisions,Learner is not aware of the number of divisions to be plotted in between the whole numbers so as to represent the required fraction. 
FC078,Fractions,Fractions on number line,Representing fraction on number line,Number line fraction,Divisions representing number of parts,Learner is not aware that the number of divisions plotted between the whole numbers corresponds to the denominator of the fraction. 
FC080,Fractions,Types of fractions,Reducible and Irreducible fractions,Reducing fractions,Reducible or irreducible fractions,Learner is unable to identify whether the given fraction is reducible or irreducible.
FC081,Fractions,Types of fractions,Reducible and Irreducible fractions,Reducing fractions,Fraction to lowest form,Learner is unable to reduce the given fraction.
FC082,Fractions,Types of fractions,Reducible and Irreducible fractions,Reducing fractions,Reduction of fraction not to lowest form,Learner is unable to reduce the given fraction to the lowest terms.
FC090,Fractions,Addition of fractions,Addition of Like fractions,Addition of fractions,Adding like fractions,Learner is unable to add like fractions.
FC091,Fractions,Addition of fractions,Addition of Unlike fractions,Addition of fractions,Adding unlike fractions,Learner is not able to add unlike fractions.
FC100,Fractions,Subtraction of fractions,Subtraction of Like fractions,Subtraction of fractions,Subtract like fraction,Learner is unable to subtract like fractions.
FC101,Fractions,Subtraction of fractions,Subtraction of Unlike fractions,Subtraction of fractions,Subtract unlike fraction,Learner is not able to subtract unlike fractions.
FC110,Fractions,Multiplication of fractions,Multiplication of fraction by another fraction,Multiplication of fractions,Multiplication of reducible fraction,Learner is unable to multiply reducible fractions.
FC111,Fractions,Multiplication of fractions,Multiplication of fraction by another fraction,Multiplication of fractions,Multiplication of irreducible fraction,Learner is not able to multiply irreducible fractions.
FC115,Fractions,Multiplication of fractions,Multiplication of fraction by whole number,Multiplication of fractions,Multiplication of whole number and fraction,Learner does not know how to multiply a whole number with a fraction.
FC116,Fractions,Multiplication of fractions,Using of operator in fractions,Multiplication of fractions,Use of 'OF',Learner does not know the word 'OF' means multiplication while solving problems.
FC120,Fractions,Division of fractions,Reciprocal of a number,Reciprocal,Definition of reciprocal,Learner lacks the understanding for definition and concept of reciprocal
FC121,Fractions,Division of fractions,Reciprocal of a number,Reciprocal,Relationship between Fraction and Reciprocal,Learner does not understand the relationship between a fraction and its reciprocal.
FC122,Fractions,Division of fractions,Reciprocal of a number,Reciprocal,Reciprocal of whole number,Learner does not understand reciprocal of a whole number.
FC123,Fractions,Division of fractions,Reciprocal of a number,Reciprocal,Reciprocal of fraction,Learner is not able to determine the reciprocal of a given fraction.
FC124,Fractions,Division of fractions,Reciprocal of a number,Reciprocal,Reciprocal of mixed fraction,Learner is not able to determine the reciprocal of a given mixed fraction.
FC125,Fractions,Division of fractions,Reciprocal of a number,Reciprocal,Unit fraction reciprocal,Learner is not able to determine the reciprocal of a unit fraction.
FC130,Fractions,Division of fractions,Division of fraction by fraction,Division of Fractions,Division of fraction,Learner is unaware that dividing fraction is actually multiplying the fraction by reciprocal of the divisor.
FC161,Fractions,Introduction to fractions,Concept of fraction,Introduction,Format of fraction,"Learner is not aware that a fraction is always in the form of a/b, where a and b are not equal to 0."
FC164,Fractions,Introduction to fractions,Concept of fraction,Understanding fractions,Confusion between fractions and product,Learner gets confused between the fraction and its product and hence thinks that a fraction p/q is the same as the product of p and q.
,,,,,,
,,,,,,
,,,,,,
,,,,,,
,,,,,,
,,,,,,
,,,,,,
,,,,,,
,,,,,,
,,,,,,
,,,,,,
,,,,,,
,,,,,,
,,,,,,
,,,,,,
,,,,,,
,,,,,,
,,,,,,
,,,,,,
,,,,,,
,,,,,,
,,,,,,
,,,,,,
,,,,,,
,,,,,,
,,,,,,
,,,,,,
,,,,,,
,,,,,,
,,,,,,
,,,,,,
,,,,,,
,,,,,,
,,,,,,
,,,,,,
,,,,,,