Fractions (FC),,,,
Subconcepts,Sub Sub Concept,Scope Items,,
Introduction to fractions,Concept of fraction,"Fraction is a part of whole.
Introduction concept of fraction.
Fractions of a region. 
Division of whole into parts
Terms (Numerator and Denominator)",,
Introduction to fractions,Fraction names,"Half, quarter, mulitples of quarters;
three-fourth/one-tenth/one-fifth/one-hundredth and many; ",,
Introduction to fractions,Fraction of collections,Fractions as a part of a collection or group;  Halves and quarters of collections Fraction of some number; one- half of 8 apples is 4 and one-half of 16 squares is 8.,,
Types of fractions,"Proper, Improper and Mixed fractions","Identify and understand the concept of proper fractions, improper fractions and mixed fractions. 
Conversion of mixed fraction to improper. 
Conversion of improper fraction to mixed.
Unit fractions-Identify and understand the concept of unit fractions. 
Decimal fractions and vulgar fractions",,
Types of fractions,Like and Unlike fractions,Identify and understand the concept of like and unlike fractions.,,
Types of fractions,Equivalent fractions,"Identify and understand the concept of equivalent fractions.
Checking Equivalent Fractions(num of first * deno of second = deno of first* num of second)
Finding Equivalent Fractions (5/9=---/45  and so on). 
Converting Fraction into equivalent fractions.",,
Types of fractions,Reducible and Irreducible fractions,"Understand the concept of Reducable and Irreducable fractions. 3/6 and 5/6; 
Making fraction reduce to the lowest term.
Reduction of a fraction to simplest form by HCF method;
Reduction of a fraction to simplest form by Prime factorisation method.  ",,
Comparing and ordering fractions,Comparing Like fractions,"Like Fractions;  4/7 and 6/7 which is smaller; 2/9 and 5/9 which is greater.
",,
Comparing and ordering fractions,Comparing Unlike fractions,"Comparisons of unlike fractions- with the same Numerator;  2/5 and 2/7 whcih is smaller; 5/8 and 5/11 which is greater
Comparisons of unlike fractions- with different Numerators(Converting unlike fractions to like fractions.) 3/11 and 4/7
Comparing Whole number and fraction.",,
Comparing and ordering fractions,Comparing Mixed fractions,"Comparison of a mixed fractions with an improper fractions;
Combination of like, unlike and Mixed Fractions 3 2/5 and 3 1/3",,
Comparing and ordering fractions,Ascending and descending order for Like fractions,"Ascending/Descending order for like fractions with unequal numerators. 
Ordering Mixed Numbers- like fractions",,
Comparing and ordering fractions,Ascending and descending order for Unlike fractions,"Ascending and Descending order for unlike fractions with equal numerators and with unequal numerators.  
With unequal  numerators and un equal denominators; 
Ordering Mixed Numbers- unlike fractions",,
Comparing and ordering fractions,Inserting fractions,"Inserting one or more fractions between the given fractions; 
Formula to compute and insert one or more fractions between the given fractions",,
Fractions on number line,Representing fraction on number line,"Learner will represent fraction in the given number line.
Identify the fraction in the given number line.",,
Fractions on number line,Inserting fractions on a number line,"Division of fractions on the number line: 1=1/2 1/2, 1= 1/3 1/3 1/3 on number line dividing 1 unit in 2 and 3 on number line.",,
Addition of fractions,Addition of Like fractions,"Addition of like fractions with same numerator, same denominator, adding only 2 fractions, adding 3 or more fractions. 
Addition of Mixed fractions-like with same denominator. 
Properties of Addition of fractions: Commutative property-order; Associative property and other  properties.
Application in real life using addition, include Applications using Length, capacity, mass, temperature, time and money.",,
Addition of fractions,Addition of Unlike fractions,"Addition of unlike fractions(only 2 fractions,3 or more fractions). 
Addition of Mixed fractions- unlike with different denominators. 
Properties of Addition of fractions: Commutative property-order; Associative property and other  properties.
Application in real life using addition, include Applications using Length, capacity, mass, temperature, time and money.",,
Subtraction of fractions,Subtraction of Like fractions,"Subtraction of like fractions(same numerator, same denominator, only 2 fractions,  3 or more fractions). 
Subtraction of Mixed fractions- like denominators are same. 
Properties of subtraction of fractions:Zero subtracted from a fraction; Fraction when subtracted from itself gives 0 and Other properties.
Application in real life using subtraction, include Applications using Length, capacity, mass, temperature, time and money.",,
Subtraction of fractions,Subtraction of Unlike fractions,"Subtraction of unlike fractions(only 2 fractions,  3 or more fractions). 
Subtraction of Mixed fractions unlike denominators are different.
Properties of subtraction of fractions:Zero subtracted from a fraction; 
Fraction when subtracted from itself gives 0 and Other properties.
Application in real life using subtraction, include Applications using Length, capacity, mass, temperature, time and money.",,
Multiplication of fractions,Multiplication of fraction by whole number,"Demonstrate multiple addition of fraction;
Vary type of fractions from proper --> improper --> Mixed 
3 or more fractions.
",,
Multiplication of fractions,Using of operator in fractions,"Introduction to fraction of  numbers
fraction 'of' a whole number
fraction 'of' a mixed fraction
fraction 'of' an improper fraction
fraction 'of' a proper fraction",,
Multiplication of fractions,Multiplication of fraction by another fraction,"Meaning of fraction of a fraction;
Multiplication of irreducible fractions(only 2 fractions,  3 or more fractions);
Multiplication of reducible fractions(only 2 fractions,  3 or more fractions);
Types of fractions vary from proper -> Improper -> Mixed",,
Multiplication of fractions,Properties of multiplication of fractions,"Product of two proper fractions is less than either of the two fractions
Product of two improper fractions is greater than either of the fractions.
Commutative property(changing order);Associativity; Product by 1;Product by zero. ",,
Division of fractions,Division of fraction by whole number,"Use reciprocal to divide a fraction by a whole number.
",,
Division of fractions,Reciprocal of a number,"Concept of reciprocal
Whole number reciprocal;
Unit fraction reciprocal; 
Reciprocal of fraction;
Reciprocal of mixed number. 
Derivation of idea that a / (1/b) = ab
Derivation of idea that a/b div c/d ad div bc,
Application problems",,
Division of fractions,Division of whole number by fraction,"by a proper fraction - resulting into a whole number
",,
Division of fractions,Division of fraction by fraction,"Use reciprocal to divide a fraction by a fraction,
only 2 fractions,3 or more fractions
Dividing a fraction by fraction; mixed fraction by a fraction or mixed fraction.
",,
Multiple operations on  fractions,Addition and subtraction of fractions,Direct add/subtract problems. (For each problem both operation must be used),,
Multiple operations on  fractions,Multiplication and division of fractions,Direct multplication and division problems (Both operations must be used for each problems),,
Multiple operations on  fractions,Order of operations,"Using BODMAS Using BODMAS - 3 terms, 4 terms , 5 terms,  with / without brackets, for addition and subtraction;
Multiplication and division  and all operations.",,
Word problems on fractions,Addition word problems ,Direct addition word problems,,
Word problems on fractions,Subtraction word problems ,Direct subtraction word problems,,
Word problems on fractions,Multiplication word problems ,Direct multiplication word problems,,
Word problems on fractions,Division word problems ,Direct division word problems,,
Word problems on fractions,Multistep word problems,"Combination problems: BT-LO order
A+S, A+M, S+M, ASM, AD, SD, ASD, ASMD",,
,,,,
,,,,
,,,,