Fractions (FC),,,,
SSC,Dependency,,,
Concept of fraction,,,,
Fraction names,Concept of fraction,,,
Fraction of collections,Fraction names,,,
"Proper, Improper and Mixed fractions",Fraction of collections,,,
Like and Unlike fractions,"Proper, Improper and Mixed fractions",,,
Equivalent fractions,Comparing Like fractions,,,
Reducible and Irreducible fractions,Equivalent fractions,,,
Comparing Like fractions,Like and Unlike fractions,,,
Comparing Unlike fractions,Reducible and Irreducible fractions,,,
Comparing Mixed fractions,Comparing Unlike fractions,,,
Ascending and descending order for Like fractions,Comparing Mixed fractions,,,
Ascending and descending order for Unlike fractions,Ascending and descending order for Like fractions,,,
Inserting fractions,Ascending and descending order for Unlike fractions,,,
Representing fraction on number line,Ascending and descending order for Unlike fractions,,,
Inserting fractions on a number line,Inserting fractions,,,
Addition of Like fractions,Like and Unlike fractions,,,
Addition of Unlike fractions,Addition of Like fractions,,,
Subtraction of Like fractions,Like and Unlike fractions,,,
Subtraction of Unlike fractions,Subtraction of Like fractions,,,
Multiplication of fraction by whole number,Addition of Like fractions,,,
Using of operator in fractions,Multiplication of fraction by whole number,,,
Multiplication of fraction by another fraction,Using of operator in fractions,,,
Properties of multiplication of fractions,Multiplication of fraction by another fraction,,,
Division of fraction by whole number,Properties of multiplication of fractions,,,
Reciprocal of a number,Division of fraction by whole number,,,
Division of whole number by fraction,Reciprocal of a number,,,
Division of fraction by fraction,Division of whole number by fraction,,,
Addition and subtraction of fractions,Addition of Unlike fractions,,,
Addition and subtraction of fractions,Subtraction of Unlike fractions,,,
Multiplication and division of fractions,Multiplication of fraction by another fraction,,,
Multiplication and division of fractions,Division of fraction by fraction,,,
Order of operations,Addition and subtraction of fractions,,,
Order of operations,Multiplication and division of fractions,,,
Addition word problems ,Addition of Like fractions,,,
Addition word problems ,Addition of Unlike fractions,,,
Subtraction word problems ,Addition word problems ,,,
Multiplication word problems ,Subtraction word problems ,,,
Division word problems ,Multiplication word problems ,,,
Multistep word problems,Division word problems ,,,
,,,,
,,,,
,,,,
,,,,
,,,,
,,,,
,,,,
,,,,
,,,,
,,,,