Fractions (FC),,,,,
Subconcept,Dependency,,,,
Introduction to fractions,,,,,
Types of fractions,Introduction to fractions,,,,
Comparing and ordering fractions,Types of fractions,,,,
Fractions on number line,Comparing and ordering fractions,,,,
Addition of fractions,Types of fractions,,,,
Subtraction of fractions,Addition of fractions,,,,
Multiplication of fractions,Addition of fractions,,,,
Division of fractions,Subtraction of fractions,,,,
Multiple operations on  fractions,Addition of fractions,,,,
Multiple operations on  fractions,Subtraction of fractions,,,,
Multiple operations on  fractions,Multiplication of fractions,,,,
Multiple operations on  fractions,Division of fractions,,,,
Word problems on fractions,Addition of fractions,,,,
Word problems on fractions,Subtraction of fractions,,,,
Word problems on fractions,Multiplication of fractions,,,,
Word problems on fractions,Division of fractions,,,,
,,,,,
,,,,,
,,,,,
,,,,,