Division(DI),,,,
Subconcepts,Sub Sub Concept,Scope Items,Tentative Primary LDs,
Introduction to division,Equal Sharing,"Sharing equally.
Introducing terms of division(dividend, divisor, quotient and remainder) using statements.
Division symbol",,
Introduction to division,Repeated subtraction,Division by taking away step by step.,,
Introduction to division,Division by forming groups,Using a group forming required number of groups.,,
Introduction to division,Division on number line,Division using number line with and without remainders,,
Introduction to division,Division using reverse multiplication,"Relation between Multiplication and Division operation on mumbers.
Solving problems using the relationship
Using relationship for verification on either of the operation. 
Relationship of terms used in Multiplication and Division",,
Division facts,Properties of division,"Division of zero
Division by 1
Division by itself",,
Long Division Method,Long division without remainder,"Division using the method of long division without remainder.
1 digit by 1 digit
2 digit by 1 digit
3 digit by 1 digit
4 digit by 1 digit",,
Long Division Method,Long division with remainder,"Division using the method of long division with remainder.
Verifying the quotient.
1 digit by 1 digit
2 digit by 1 digit
3 digit by 1 digit
4 digit by 1 digit",,
Short Division Method,Short division without remainder,Division using the method of short division with remainder.,,
Short Division Method,Short division with remainder,Division using the method of short division without remainder.,,
Factor Method,Division using factors,Division of numbers using their factors.,,
Division by powers of ten,Powers of 10 without remainder,"Division by 10, 100, 1000 - with remainders",,
Division by powers of ten,Powers of 10 with remainder,"Division by 10, 100, 1000 - without remainders",,
Division by 2 digit numbers,2 digit by 2 digit division,"Division of 2 digit numbers by 2 digit
Division algorithm can be included",,
Division by 2 digit numbers,3 digit by 2 digit division,"Division of 3 digit numbers by 2 digit
Division algorithm can be included",,
Division by 2 digit numbers,4 digit by 2 digit division,"Division of 4 digit numbers by 2 digit
Division algorithm",,
Division by 3 digit numbers,3 digit by 3 digit division,"Division of 3 digit numbers by 3 digit
Division algorithm",,
Division by 3 digit numbers,4 digit by 3 digit division,"Division of 4 digit numbers by 3 digit
Division algorithm",,
Division of large numbers,4 digit by 4 digit division,"Division of 4 digit numbers by 4 digit
Division algorithm",,
Division of large numbers,Division of 5 digit and above,"Division of 5 digit numbers and above
Division algorithm",,
Word problems,Division word problems,"Division of 2 digit by 1 digit.
Division of 2 digit by 2 digit.
Division of 3 digit by 1 digit.
Division of 3 digit by 2 digit.
Division of 3 digit by 3 digit.
Division of 4 digit by 1 digit.
Division of 4 digit by 2 digit.
Division of 4 digit by 3 digit.
Division of 4 digit by 4 digit.
Division of large numbers.
Real life problems with and without remainders.",,
,,,,
,,,,
,,,,
,,,,
,,,,
,,,,
,,,,
,,,,
,,,,
,,,,
,,,,
,,,,
,,,,
,,,,
,,,,
,,,,
,,,,
,,,,
,,,,
,,,,
,,,,
,,,,
,,,,
,,,,
,,,,
,,,,
,,,,
,,,,
,,,,
,,,,
 ,,,,
,,,,
,,,,
,,,,
,,,,
,,,,
,,,,
,,,,
,,,,
,,,,
,,,,