Division(DI),,,,
SSC,Dependency,,,
Equal Sharing,,,,
Repeated subtraction,Equal Sharing,,,
Division by forming groups,Repeated subtraction,,,
Division on number line,Division by forming groups,,,
Division using reverse multiplication,,,,
Properties of division,Division using reverse multiplication,,,
Short division without remainder,Properties of division,,,
Short division with remainder,Short division without remainder,,,
Long division without remainder,Properties of division,,,
Long division with remainder,Long division without remainder,,,
Division using factors,Division using reverse multiplication,,,
Powers of 10 without remainder,Properties of division,,,
Powers of 10 with remainder,Powers of 10 without remainder,,,
2 digit by 2 digit division,Long division with remainder,,,
3 digit by 2 digit division,2 digit by 2 digit division,,,
4 digit by 2 digit division,3 digit by 2 digit division,,,
3 digit by 3 digit division,4 digit by 2 digit division,,,
4 digit by 3 digit division,3 digit by 3 digit division,,,
4 digit by 4 digit division,4 digit by 3 digit division,,,
Division of 5 digit and above,4 digit by 4 digit division,,,
Division word problems,2 digit by 2 digit division,,,
Division word problems,3 digit by 2 digit division,,,
Division word problems,3 digit by 3 digit division,,,
Division word problems,4 digit by 2 digit division,,,
Division word problems,4 digit by 3 digit division,,,
Division word problems,4 digit by 4 digit division,,,
Division word problems,Division of 5 digit and above,,,
,,,,
,,,,
,,,,
,,,,
,,,,
,,,,
,,,,
,,,,
,,,,
,,,,