Division(DI),,,,,
Subconcept,Dependency,,,,
Introduction to division,,,,,
Division facts,Introduction to division,,,,
Short Division Method,Division facts,,,,
Long Division Method,Short Division Method,,,,
Factor Method,Division facts,,,,
Division by powers of ten,Division facts,,,,
Division by 2 digit numbers,Long Division Method,,,,
Division by 3 digit numbers,Division by 2 digit numbers,,,,
Division of large numbers,Division by 3 digit numbers,,,,
Word problems,Division of large numbers,,,,
,,,,,
,,,,,
,,,,,
,,,,,
,,,,,
,,,,,
,,,,,
,,,,,
,,,,,
,,,,,