Subtraction (SB),,,,Babu,,,,,
SSC,Dependency,,,,,,,,
Concept of subtraction,,,,,,,,,
Subtraction of single digit numbers,Concept of subtraction,,,,,,,,
Subtraction on number line,Subtraction of single digit numbers,,,,,,,,
Subtraction strategies,Subtraction of single digit numbers,,,Vertical Subtraction Without Borrow,,,,,
Subtraction properties,Subtraction of single digit numbers,,,Please check horizontal type SSCs - how role of borrow is used in these types is different from vertical types.,,,,,
Subtraction of 2 digit numbers without borrow,Subtraction strategies,,,,,,,,
Subtraction of 2 digit numbers with borrow,Subtraction strategies,,,,,,,,
Subtraction of 2 digit numbers without borrow,Subtraction properties,,,,,,,,
Subtraction of 2 digit numbers with borrow,Subtraction properties,,,,,,,,
Subtraction of 3 digit numbers without borrow,Subtraction of 2 digit numbers without borrow,,,,,,,,
Subtraction of 3 digit numbers with borrow,Subtraction of 2 digit numbers with borrow,,,,,,,,
Subtraction of four digit numbers,Subtraction of 3 digit numbers with borrow,,,,,,,,
Subtraction of 5 digit numbers and above,Subtraction of four digit numbers,,,,,,,,
Subtraction word problems,Subtraction of 2 digit numbers without borrow,,,,,,,,
Subtraction word problems,Subtraction of 3 digit numbers without borrow,,,,,,,,
Subtraction word problems,Subtraction of 5 digit numbers and above,,,,,,,,
,,,,,,,,,
,,,,,,,,,
,,,,,,,,,
,,,,,,,,,
,,,,,,,,,
,,,,,,,,,
,,,,,,,,,
,,,,,,,,,
,,,,,,,,,
,,,,,,,,,