Subtraction (SB),,,,,,
Subconcept,Dependency,,,,,
Basics of subtraction,,,,,,
Subtraction of one digit numbers,Basics of subtraction,,,,,
Subtraction methods,Subtraction of one digit numbers,,,,,
Subtraction facts,Subtraction of one digit numbers,,,,,
Subtraction of 2 digit numbers,Subtraction methods,,,,,
Subtraction of 2 digit numbers,Subtraction facts,,,,,
Subtraction of 3 digit numbers,Subtraction of 2 digit numbers,,,,,
Subtraction of 4 digit numbers,Subtraction of 3 digit numbers,,,,,
Subtraction of large numbers,Subtraction of 4 digit numbers,,,,,
Word Problems,Subtraction of large numbers,,,,,
,,,,,,
,,,,,,
,,,,,,
,,,,,,
,,,,,,
,,,,,,
,,,,,,
,,,,,,
,,,,,,
,,,,,,